datetime,"price BTC-USD"
2017-01-01T00:00:00+00:00,944.11
2017-01-02T00:00:00+00:00,960.53
2017-01-03T00:00:00+00:00,990.01
2017-01-04T00:00:00+00:00,999.99
2017-01-05T00:00:00+00:00,881.98212831107
2017-01-06T00:00:00+00:00,870.02976943556
2017-01-07T00:00:00+00:00,818.44790416756
2017-01-08T00:00:00+00:00,812.28
2017-01-09T00:00:00+00:00,880
2017-01-10T00:00:00+00:00,875
2017-01-11T00:00:00+00:00,751.03688782921
2017-01-12T00:00:00+00:00,752.01782998518
2017-01-13T00:00:00+00:00,751.34
2017-01-14T00:00:00+00:00,775
2017-01-15T00:00:00+00:00,804.99857707646
2017-01-16T00:00:00+00:00,808
2017-01-17T00:00:00+00:00,818.09
2017-01-18T00:00:00+00:00,827
2017-01-19T00:00:00+00:00,851.74
2017-01-20T00:00:00+00:00,878.89
2017-01-21T00:00:00+00:00,880
2017-01-22T00:00:00+00:00,894.11043669644
2017-01-23T00:00:00+00:00,886.76
2017-01-24T00:00:00+00:00,884.27793421647
2017-01-25T00:00:00+00:00,881.48
2017-01-26T00:00:00+00:00,884.5
2017-01-27T00:00:00+00:00,892.86
2017-01-28T00:00:00+00:00,908.01
2017-01-29T00:00:00+00:00,911.86814192882
2017-01-30T00:00:00+00:00,910.45
2017-01-31T00:00:00+00:00,910
2017-02-01T00:00:00+00:00,917.5
2017-02-02T00:00:00+00:00,962
2017-02-03T00:00:00+00:00,973.12
2017-02-04T00:00:00+00:00,987.01
2017-02-05T00:00:00+00:00,999.00561988848
2017-02-06T00:00:00+00:00,1004.7
2017-02-07T00:00:00+00:00,1005.1
2017-02-08T00:00:00+00:00,1015.0227432774
2017-02-09T00:00:00+00:00,898.46206500608
2017-02-10T00:00:00+00:00,902.28665989573
2017-02-11T00:00:00+00:00,950
2017-02-12T00:00:00+00:00,987.62
2017-02-13T00:00:00+00:00,975.85850118022
2017-02-14T00:00:00+00:00,975.1
2017-02-15T00:00:00+00:00,987.97
2017-02-16T00:00:00+00:00,1000.97
2017-02-17T00:00:00+00:00,1010.75
2017-02-18T00:00:00+00:00,1031.98
2017-02-19T00:00:00+00:00,1045.00000001
2017-02-20T00:00:00+00:00,1039.07
2017-02-21T00:00:00+00:00,1044.39
2017-02-22T00:00:00+00:00,1077
2017-02-23T00:00:00+00:00,1098.16
2017-02-24T00:00:00+00:00,1107.5844341159
2017-02-25T00:00:00+00:00,1091.1
2017-02-26T00:00:00+00:00,1127
2017-02-27T00:00:00+00:00,1133
2017-02-28T00:00:00+00:00,1169
2017-03-01T00:00:00+00:00,1176.27
2017-03-02T00:00:00+00:00,1188.3
2017-03-03T00:00:00+00:00,1215
2017-03-04T00:00:00+00:00,1235.027849919
2017-03-05T00:00:00+00:00,1230
2017-03-06T00:00:00+00:00,1240
2017-03-07T00:00:00+00:00,1169.2175380459
2017-03-08T00:00:00+00:00,1142.9675877212
2017-03-09T00:00:00+00:00,1135.0699064191
2017-03-10T00:00:00+00:00,999.82138908203
2017-03-11T00:00:00+00:00,975
2017-03-12T00:00:00+00:00,1106.51
2017-03-13T00:00:00+00:00,1170.9
2017-03-14T00:00:00+00:00,1215.43
2017-03-15T00:00:00+00:00,1226.5
2017-03-16T00:00:00+00:00,1119.3470409326
2017-03-17T00:00:00+00:00,1052.0452467298
2017-03-18T00:00:00+00:00,934.92642175784
2017-03-19T00:00:00+00:00,944.36
2017-03-20T00:00:00+00:00,969.4
2017-03-21T00:00:00+00:00,1010.01
2017-03-22T00:00:00+00:00,986.24415630342
2017-03-23T00:00:00+00:00,988
2017-03-24T00:00:00+00:00,930.09116010634
2017-03-25T00:00:00+00:00,888.96316024708
2017-03-26T00:00:00+00:00,891.33
2017-03-27T00:00:00+00:00,937.52
2017-03-28T00:00:00+00:00,952.95
2017-03-29T00:00:00+00:00,1007.947764724
2017-03-30T00:00:00+00:00,1008.16
2017-03-31T00:00:00+00:00,1017.14
2017-04-01T00:00:00+00:00,1031.43
2017-04-02T00:00:00+00:00,1061.64
2017-04-03T00:00:00+00:00,1066.49
2017-04-04T00:00:00+00:00,1076.19
2017-04-05T00:00:00+00:00,1113.4298438823
2017-04-06T00:00:00+00:00,1111
2017-04-07T00:00:00+00:00,1134.36
2017-04-08T00:00:00+00:00,1172.3869587698
2017-04-09T00:00:00+00:00,1166.66
2017-04-10T00:00:00+00:00,1173.98
2017-04-11T00:00:00+00:00,1195
2017-04-12T00:00:00+00:00,1198.02
2017-04-13T00:00:00+00:00,1160.960810809
2017-04-14T00:00:00+00:00,1141
2017-04-15T00:00:00+00:00,1142
2017-04-16T00:00:00+00:00,1165
2017-04-17T00:00:00+00:00,1150
2017-04-18T00:00:00+00:00,1161
2017-04-19T00:00:00+00:00,1175.95
2017-04-20T00:00:00+00:00,1190
2017-04-21T00:00:00+00:00,1201.66
2017-04-22T00:00:00+00:00,1231.65
2017-04-23T00:00:00+00:00,1199
2017-04-24T00:00:00+00:00,1223.42
2017-04-25T00:00:00+00:00,1234
2017-04-26T00:00:00+00:00,1251.07
2017-04-27T00:00:00+00:00,1265
2017-04-28T00:00:00+00:00,1285
2017-04-29T00:00:00+00:00,1299
2017-04-30T00:00:00+00:00,1316
2017-05-01T00:00:00+00:00,1315.68
2017-05-02T00:00:00+00:00,1341.22
2017-05-03T00:00:00+00:00,1388
2017-05-04T00:00:00+00:00,1431.02
2017-05-05T00:00:00+00:00,1444.94
2017-05-06T00:00:00+00:00,1495
2017-05-07T00:00:00+00:00,1505
2017-05-08T00:00:00+00:00,1525
2017-05-09T00:00:00+00:00,1554.38
2017-05-10T00:00:00+00:00,1616.05
2017-05-11T00:00:00+00:00,1682
2017-05-12T00:00:00+00:00,1703.5192755609
2017-05-13T00:00:00+00:00,1650
2017-05-14T00:00:00+00:00,1601.46
2017-05-15T00:00:00+00:00,1720.1436708308
2017-05-16T00:00:00+00:00,1682.56
2017-05-17T00:00:00+00:00,1641.22
2017-05-18T00:00:00+00:00,1670.01
2017-05-19T00:00:00+00:00,1766.33
2017-05-20T00:00:00+00:00,1874.99
2017-05-21T00:00:00+00:00,1914
2017-05-22T00:00:00+00:00,1961.52
2017-05-23T00:00:00+00:00,2001
2017-05-24T00:00:00+00:00,2088.45
2017-05-25T00:00:00+00:00,2075.0712532469
2017-05-26T00:00:00+00:00,1927.776888586
2017-05-27T00:00:00+00:00,1538.4729475984
2017-05-28T00:00:00+00:00,1846.5315556999
2017-05-29T00:00:00+00:00,1974.7932505348
2017-05-30T00:00:00+00:00,2050.7678659213
2017-05-31T00:00:00+00:00,2006.1218294335
2017-06-01T00:00:00+00:00,2154.28
2017-06-02T00:00:00+00:00,2267.3531706897
2017-06-03T00:00:00+00:00,2343.8124408658
2017-06-04T00:00:00+00:00,2373.3567442582
2017-06-05T00:00:00+00:00,2460
2017-06-06T00:00:00+00:00,2525.28
2017-06-07T00:00:00+00:00,2562.1506162477
2017-06-08T00:00:00+00:00,2559.2796226757
2017-06-09T00:00:00+00:00,2613.13
2017-06-10T00:00:00+00:00,2759.6756663014
2017-06-11T00:00:00+00:00,2783.9268986339
2017-06-12T00:00:00+00:00,2299.8760126112
2017-06-13T00:00:00+00:00,2480.03
2017-06-14T00:00:00+00:00,2270.3572872176
2017-06-15T00:00:00+00:00,2005.2840436036
2017-06-16T00:00:00+00:00,2120
2017-06-17T00:00:00+00:00,2307.66
2017-06-18T00:00:00+00:00,2408.0067557422
2017-06-19T00:00:00+00:00,2460.62
2017-06-20T00:00:00+00:00,2480.96
2017-06-21T00:00:00+00:00,2535.9906526465
2017-06-22T00:00:00+00:00,2542.576665789
2017-06-23T00:00:00+00:00,2594.61
2017-06-24T00:00:00+00:00,2447.7594351078
2017-06-25T00:00:00+00:00,2357.9665352914
2017-06-26T00:00:00+00:00,2173.345239194
2017-06-27T00:00:00+00:00,2164.1629048914
2017-06-28T00:00:00+00:00,2291
2017-06-29T00:00:00+00:00,2389.9696695388
2017-06-30T00:00:00+00:00,2401.8935016655
2017-07-01T00:00:00+00:00,2283.5015586935
2017-07-02T00:00:00+00:00,2293.9213086266
2017-07-03T00:00:00+00:00,2374.34
2017-07-04T00:00:00+00:00,2472.68
2017-07-05T00:00:00+00:00,2480.0276475409
2017-07-06T00:00:00+00:00,2530.1
2017-07-07T00:00:00+00:00,2423.6163489768
2017-07-08T00:00:00+00:00,2420.9424783668
2017-07-09T00:00:00+00:00,2462
2017-07-10T00:00:00+00:00,2236.5372708027
2017-07-11T00:00:00+00:00,2181.9699993033
2017-07-12T00:00:00+00:00,2191.3170125425
2017-07-13T00:00:00+00:00,2239.54
2017-07-14T00:00:00+00:00,2134.0216930346
2017-07-15T00:00:00+00:00,1971.2059293658
2017-07-16T00:00:00+00:00,1829.9073887481
2017-07-17T00:00:00+00:00,1830
2017-07-18T00:00:00+00:00,1910.57
2017-07-19T00:00:00+00:00,2164
2017-07-20T00:00:00+00:00,2223
2017-07-21T00:00:00+00:00,2265.51
2017-07-22T00:00:00+00:00,2611.39
2017-07-23T00:00:00+00:00,2644.59
2017-07-24T00:00:00+00:00,2640
2017-07-25T00:00:00+00:00,2419.0464223084
2017-07-26T00:00:00+00:00,2402.2864825883
2017-07-27T00:00:00+00:00,2400
2017-07-28T00:00:00+00:00,2509.63
2017-07-29T00:00:00+00:00,2655.82
2017-07-30T00:00:00+00:00,2616.0629749796
2017-07-31T00:00:00+00:00,2569.69
2017-08-01T00:00:00+00:00,2612.8349813682
2017-08-02T00:00:00+00:00,2615
2017-08-03T00:00:00+00:00,2650
2017-08-04T00:00:00+00:00,2698.83
2017-08-05T00:00:00+00:00,2765.91
2017-08-06T00:00:00+00:00,2848.32
2017-08-07T00:00:00+00:00,3146.1
2017-08-08T00:00:00+00:00,3186
2017-08-09T00:00:00+00:00,3225.3054263102
2017-08-10T00:00:00+00:00,3178.72
2017-08-11T00:00:00+00:00,3311.17
2017-08-12T00:00:00+00:00,3390.67
2017-08-13T00:00:00+00:00,3586.95
2017-08-14T00:00:00+00:00,3841.71
2017-08-15T00:00:00+00:00,3777.4579029232
2017-08-16T00:00:00+00:00,3800
2017-08-17T00:00:00+00:00,3926.06
2017-08-18T00:00:00+00:00,3939.5675555269
2017-08-19T00:00:00+00:00,3864.2916877804
2017-08-20T00:00:00+00:00,3900
2017-08-21T00:00:00+00:00,3947.8646180348
2017-08-22T00:00:00+00:00,3590.7796967113
2017-08-23T00:00:00+00:00,3600
2017-08-24T00:00:00+00:00,4051.94
2017-08-25T00:00:00+00:00,4082.57
2017-08-26T00:00:00+00:00,4246.1285504561
2017-08-27T00:00:00+00:00,4232.43
2017-08-28T00:00:00+00:00,4166.8411415665
2017-08-29T00:00:00+00:00,4169.01
2017-08-30T00:00:00+00:00,4336.26
2017-08-31T00:00:00+00:00,4479
2017-09-01T00:00:00+00:00,4566.66
2017-09-02T00:00:00+00:00,4300.2228098031
2017-09-03T00:00:00+00:00,4328.2022279865
2017-09-04T00:00:00+00:00,4011.0468845304
2017-09-05T00:00:00+00:00,3893.4118450664
2017-09-06T00:00:00+00:00,4001.93
2017-09-07T00:00:00+00:00,4356.42
2017-09-08T00:00:00+00:00,4017.9881279087
2017-09-09T00:00:00+00:00,4125.99
2017-09-10T00:00:00+00:00,3962.235428546
2017-09-11T00:00:00+00:00,4010
2017-09-12T00:00:00+00:00,4029.3944325625
2017-09-13T00:00:00+00:00,3727.7440295124
2017-09-14T00:00:00+00:00,3202.806344946
2017-09-15T00:00:00+00:00,2923.9508514803
2017-09-16T00:00:00+00:00,2972.01
2017-09-17T00:00:00+00:00,3465.460025879
2017-09-18T00:00:00+00:00,3463
2017-09-19T00:00:00+00:00,3659.42
2017-09-20T00:00:00+00:00,3823.0325367037
2017-09-21T00:00:00+00:00,3556.3492729886
2017-09-22T00:00:00+00:00,3499.5491278207
2017-09-23T00:00:00+00:00,3514
2017-09-24T00:00:00+00:00,3552
2017-09-25T00:00:00+00:00,3615
2017-09-26T00:00:00+00:00,3658.39
2017-09-27T00:00:00+00:00,3850.61
2017-09-28T00:00:00+00:00,3870
2017-09-29T00:00:00+00:00,3975.7906960435
2017-09-30T00:00:00+00:00,4022.02
2017-10-01T00:00:00+00:00,4154.28
2017-10-02T00:00:00+00:00,4216
2017-10-03T00:00:00+00:00,4208.7046769397
2017-10-04T00:00:00+00:00,4163.1674423624
2017-10-05T00:00:00+00:00,4126.3036586967
2017-10-06T00:00:00+00:00,4137.96
2017-10-07T00:00:00+00:00,4278.4
2017-10-08T00:00:00+00:00,4312.82
2017-10-09T00:00:00+00:00,4404.5
2017-10-10T00:00:00+00:00,4541
2017-10-11T00:00:00+00:00,4700
2017-10-12T00:00:00+00:00,4700
2017-10-13T00:00:00+00:00,4793.66
2017-10-14T00:00:00+00:00,5380
2017-10-15T00:00:00+00:00,5425.3130911153
2017-10-16T00:00:00+00:00,5415
2017-10-17T00:00:00+00:00,5504.7616732375
2017-10-18T00:00:00+00:00,5089.400873602
2017-10-19T00:00:00+00:00,5101.36
2017-10-20T00:00:00+00:00,5512.06
2017-10-21T00:00:00+00:00,5589.8
2017-10-22T00:00:00+00:00,5706.3062408587
2017-10-23T00:00:00+00:00,5571.5175698566
2017-10-24T00:00:00+00:00,5436.8863316989
2017-10-25T00:00:00+00:00,5326.6880386435
2017-10-26T00:00:00+00:00,5366
2017-10-27T00:00:00+00:00,5664.7106348376
2017-10-28T00:00:00+00:00,5640.9728385811
2017-10-29T00:00:00+00:00,5646.18
2017-10-30T00:00:00+00:00,5683
2017-10-31T00:00:00+00:00,6024.03
2017-11-01T00:00:00+00:00,6072.81
2017-11-02T00:00:00+00:00,6340.01
2017-11-03T00:00:00+00:00,6700
2017-11-04T00:00:00+00:00,6904.918481915
2017-11-05T00:00:00+00:00,6994
2017-11-06T00:00:00+00:00,6916.2590824355
2017-11-07T00:00:00+00:00,6922.07
2017-11-08T00:00:00+00:00,6833.0618583936
2017-11-09T00:00:00+00:00,6999.6879001926
2017-11-10T00:00:00+00:00,6306.9770364947
2017-11-11T00:00:00+00:00,6141.8810231559
2017-11-12T00:00:00+00:00,5320.0292858013
2017-11-13T00:00:00+00:00,5555.55
2017-11-14T00:00:00+00:00,5846
2017-11-15T00:00:00+00:00,6466.88
2017-11-16T00:00:00+00:00,6609
2017-11-17T00:00:00+00:00,7120.85
2017-11-18T00:00:00+00:00,7409.9639472252
2017-11-19T00:00:00+00:00,7431.54
2017-11-20T00:00:00+00:00,7675
2017-11-21T00:00:00+00:00,7804.4151166175
2017-11-22T00:00:00+00:00,7770
2017-11-23T00:00:00+00:00,7996.3528771263
2017-11-24T00:00:00+00:00,7877.8917479122
2017-11-25T00:00:00+00:00,7876
2017-11-26T00:00:00+00:00,8114.78
2017-11-27T00:00:00+00:00,8538.2
2017-11-28T00:00:00+00:00,9267
2017-11-29T00:00:00+00:00,8679.4488716281
2017-11-30T00:00:00+00:00,8856.0743916586
2017-12-01T00:00:00+00:00,9000
2017-12-02T00:00:00+00:00,9370.11
2017-12-03T00:00:00+00:00,10478.886516267
2017-12-04T00:00:00+00:00,10513.16
2017-12-05T00:00:00+00:00,10850
2017-12-06T00:00:00+00:00,11384.25
2017-12-07T00:00:00+00:00,11659.8
2017-12-08T00:00:00+00:00,13085.9
2017-12-09T00:00:00+00:00,12789.001460247
2017-12-10T00:00:00+00:00,12549.02914306
2017-12-11T00:00:00+00:00,13011
2017-12-12T00:00:00+00:00,14677.19
2017-12-13T00:00:00+00:00,14968.351545446
2017-12-14T00:00:00+00:00,15430.163177496
2017-12-15T00:00:00+00:00,15852.69
2017-12-16T00:00:00+00:00,16337.19
2017-12-17T00:00:00+00:00,17269.99
2017-12-18T00:00:00+00:00,17553.692493275
2017-12-19T00:00:00+00:00,16466.04080481
2017-12-20T00:00:00+00:00,15311.579222358
2017-12-21T00:00:00+00:00,14319.18014073
2017-12-22T00:00:00+00:00,11078.209239729
2017-12-23T00:00:00+00:00,11159.93
2017-12-24T00:00:00+00:00,11671.513901302
2017-12-25T00:00:00+00:00,12488
2017-12-26T00:00:00+00:00,13210
2017-12-27T00:00:00+00:00,13746.95
2017-12-28T00:00:00+00:00,13214.114420462
2017-12-29T00:00:00+00:00,13500
2017-12-30T00:00:00+00:00,11736.934373114
2017-12-31T00:00:00+00:00,12050
2018-01-01T00:00:00+00:00,12491.21
2018-01-02T00:00:00+00:00,12801.38
2018-01-03T00:00:00+00:00,12910.58
2018-01-04T00:00:00+00:00,13986.879872802
2018-01-05T00:00:00+00:00,14192.37
2018-01-06T00:00:00+00:00,14810
2018-01-07T00:00:00+00:00,15638.854647026
2018-01-08T00:00:00+00:00,13079.674700128
2018-01-09T00:00:00+00:00,13900
2018-01-10T00:00:00+00:00,13213.84972223
2018-01-11T00:00:00+00:00,11910.210046514
2018-01-12T00:00:00+00:00,12581.438188969
2018-01-13T00:00:00+00:00,12807.27
2018-01-14T00:00:00+00:00,12707.63063733
2018-01-15T00:00:00+00:00,13072.22
2018-01-16T00:00:00+00:00,10365.671035982
2018-01-17T00:00:00+00:00,9199.7827323881
2018-01-18T00:00:00+00:00,9222
2018-01-19T00:00:00+00:00,10619.848844027
2018-01-20T00:00:00+00:00,11025.18
2018-01-21T00:00:00+00:00,10966.325436314
2018-01-22T00:00:00+00:00,9979.7683824909
2018-01-23T00:00:00+00:00,9910.7573811534
2018-01-24T00:00:00+00:00,9927.54
2018-01-25T00:00:00+00:00,10488.13
2018-01-26T00:00:00+00:00,10273.753413401
2018-01-27T00:00:00+00:00,10263.32
2018-01-28T00:00:00+00:00,10815.84
2018-01-29T00:00:00+00:00,11103.152244183
2018-01-30T00:00:00+00:00,9879.9777692895
2018-01-31T00:00:00+00:00,9679.8280811546
2018-02-01T00:00:00+00:00,8869.7899159168
2018-02-02T00:00:00+00:00,7982.1721554901
2018-02-03T00:00:00+00:00,7625.25
2018-02-04T00:00:00+00:00,7965.6914127908
2018-02-05T00:00:00+00:00,6749.2330045082
2018-02-06T00:00:00+00:00,6033.1455416255
2018-02-07T00:00:00+00:00,5920.72
2018-02-08T00:00:00+00:00,7213.8
2018-02-09T00:00:00+00:00,7565.5
2018-02-10T00:00:00+00:00,7753.32
2018-02-11T00:00:00+00:00,7832.3406555807
2018-02-12T00:00:00+00:00,7820
2018-02-13T00:00:00+00:00,8067
2018-02-14T00:00:00+00:00,8360.13
2018-02-15T00:00:00+00:00,8504.57
2018-02-16T00:00:00+00:00,9350
2018-02-17T00:00:00+00:00,9707.51
2018-02-18T00:00:00+00:00,10053.5
2018-02-19T00:00:00+00:00,10153.15
2018-02-20T00:00:00+00:00,10307.51
2018-02-21T00:00:00+00:00,10249.302406234
2018-02-22T00:00:00+00:00,9753.5259565231
2018-02-23T00:00:00+00:00,9596.1687041154
2018-02-24T00:00:00+00:00,9389.4229593058
2018-02-25T00:00:00+00:00,9316.35755439
2018-02-26T00:00:00+00:00,9260
2018-02-27T00:00:00+00:00,9376.34
2018-02-28T00:00:00+00:00,10150
2018-03-01T00:00:00+00:00,10232.069759457
2018-03-02T00:00:00+00:00,10223.41
2018-03-03T00:00:00+00:00,10774.01
2018-03-04T00:00:00+00:00,11022.85
2018-03-05T00:00:00+00:00,11054.91
2018-03-06T00:00:00+00:00,10572.33438747
2018-03-07T00:00:00+00:00,9669.1202088944
2018-03-08T00:00:00+00:00,9078.1786541371
2018-03-09T00:00:00+00:00,8395.4176407624
2018-03-10T00:00:00+00:00,8366
2018-03-11T00:00:00+00:00,8467.2549668361
2018-03-12T00:00:00+00:00,8450
2018-03-13T00:00:00+00:00,8742.07
2018-03-14T00:00:00+00:00,7962.9993518745
2018-03-15T00:00:00+00:00,7718.0070882694
2018-03-16T00:00:00+00:00,7682
2018-03-17T00:00:00+00:00,7763.9444203685
2018-03-18T00:00:00+00:00,7290.7672458613
2018-03-19T00:00:00+00:00,7325.37
2018-03-20T00:00:00+00:00,8114.17
2018-03-21T00:00:00+00:00,8313.01
2018-03-22T00:00:00+00:00,8475.5009991817
2018-03-23T00:00:00+00:00,8330.5802503361
2018-03-24T00:00:00+00:00,8265
2018-03-25T00:00:00+00:00,8384.9743282918
2018-03-26T00:00:00+00:00,7846.158349602
2018-03-27T00:00:00+00:00,7735.6958963594
2018-03-28T00:00:00+00:00,7736.8624307055
2018-03-29T00:00:00+00:00,6921.0557228847
2018-03-30T00:00:00+00:00,6578.9320531342
2018-03-31T00:00:00+00:00,6550
2018-04-01T00:00:00+00:00,6444.9696538361
2018-04-02T00:00:00+00:00,6427.16
2018-04-03T00:00:00+00:00,6759.96
2018-04-04T00:00:00+00:00,6728.227102762
2018-04-05T00:00:00+00:00,6584.8345520911
2018-04-06T00:00:00+00:00,6519.0637256945
2018-04-07T00:00:00+00:00,6510
2018-04-08T00:00:00+00:00,6600.99
2018-04-09T00:00:00+00:00,6624.5573958339
2018-04-10T00:00:00+00:00,6611.49
2018-04-11T00:00:00+00:00,6653.21
2018-04-12T00:00:00+00:00,6762.1627279529
2018-04-13T00:00:00+00:00,6758.45
2018-04-14T00:00:00+00:00,7753.32
2018-04-15T00:00:00+00:00,7835
2018-04-16T00:00:00+00:00,7901.9980596252
2018-04-17T00:00:00+00:00,7842.5681786055
2018-04-18T00:00:00+00:00,7806.81
2018-04-19T00:00:00+00:00,7870.35
2018-04-20T00:00:00+00:00,8074.44
2018-04-21T00:00:00+00:00,8216.9
2018-04-22T00:00:00+00:00,8608
2018-04-23T00:00:00+00:00,8760
2018-04-24T00:00:00+00:00,8771.22
2018-04-25T00:00:00+00:00,8752.2022208628
2018-04-26T00:00:00+00:00,8658.0631742193
2018-04-27T00:00:00+00:00,8647.29
2018-04-28T00:00:00+00:00,8883.6769132413
2018-04-29T00:00:00+00:00,8854.47
2018-04-30T00:00:00+00:00,9127.9935408193
2018-05-01T00:00:00+00:00,8835.7279048585
2018-05-02T00:00:00+00:00,8815.91
2018-05-03T00:00:00+00:00,8975.23
2018-05-04T00:00:00+00:00,9165.19
2018-05-05T00:00:00+00:00,9527.38
2018-05-06T00:00:00+00:00,9429.9315690805
2018-05-07T00:00:00+00:00,9182.3687165558
2018-05-08T00:00:00+00:00,9048.8144304369
2018-05-09T00:00:00+00:00,8972.8803276427
2018-05-10T00:00:00+00:00,8974.62
2018-05-11T00:00:00+00:00,8345.6449270373
2018-05-12T00:00:00+00:00,8190.5121917337
2018-05-13T00:00:00+00:00,8208.81
2018-05-14T00:00:00+00:00,8280.3963006727
2018-05-15T00:00:00+00:00,8286.57
2018-05-16T00:00:00+00:00,8113.4717303901
2018-05-17T00:00:00+00:00,7989.9797731327
2018-05-18T00:00:00+00:00,7923.9502667357
2018-05-19T00:00:00+00:00,7929.53
2018-05-20T00:00:00+00:00,8141.08
2018-05-21T00:00:00+00:00,8170.71
2018-05-22T00:00:00+00:00,7950.0280073787
2018-05-23T00:00:00+00:00,7434.1849581381
2018-05-24T00:00:00+00:00,7316.3192487475
2018-05-25T00:00:00+00:00,7267.24
2018-05-26T00:00:00+00:00,7300.1812678221
2018-05-27T00:00:00+00:00,7234.3480651231
2018-05-28T00:00:00+00:00,7072.4772635905
2018-05-29T00:00:00+00:00,7050.5771288813
2018-05-30T00:00:00+00:00,7026.9
2018-05-31T00:00:00+00:00,7273.89
2018-06-01T00:00:00+00:00,7330.22
2018-06-02T00:00:00+00:00,7348.45
2018-06-03T00:00:00+00:00,7438.92
2018-06-04T00:00:00+00:00,7458.8826764694
2018-06-05T00:00:00+00:00,7376.5325204013
2018-06-06T00:00:00+00:00,7360
2018-06-07T00:00:00+00:00,7482.61
2018-06-08T00:00:00+00:00,7542.3902138984
2018-06-09T00:00:00+00:00,7463.0693875894
2018-06-10T00:00:00+00:00,6634.2784671097
2018-06-11T00:00:00+00:00,6627.7
2018-06-12T00:00:00+00:00,6459.2252323102
2018-06-13T00:00:00+00:00,6132.68228106
2018-06-14T00:00:00+00:00,6120
2018-06-15T00:00:00+00:00,6270.69
2018-06-16T00:00:00+00:00,6343.4604481496
2018-06-17T00:00:00+00:00,6333.63
2018-06-18T00:00:00+00:00,6381.2794340768
2018-06-19T00:00:00+00:00,6381.25
2018-06-20T00:00:00+00:00,6566.2998401853
2018-06-21T00:00:00+00:00,6558.95
2018-06-22T00:00:00+00:00,5936.5665813112
2018-06-23T00:00:00+00:00,5940
2018-06-24T00:00:00+00:00,5780.5564906495
2018-06-25T00:00:00+00:00,5780
2018-06-26T00:00:00+00:00,6062.2214458092
2018-06-27T00:00:00+00:00,6013.3120263535
2018-06-28T00:00:00+00:00,5838.818598277
2018-06-29T00:00:00+00:00,5794.8143671851
2018-06-30T00:00:00+00:00,5774.72
2018-07-01T00:00:00+00:00,6190.28
2018-07-02T00:00:00+00:00,6259.34
2018-07-03T00:00:00+00:00,6270.69
2018-07-04T00:00:00+00:00,6433.3861582183
2018-07-05T00:00:00+00:00,6413.2
2018-07-06T00:00:00+00:00,6445.31
2018-07-07T00:00:00+00:00,6449.76
2018-07-08T00:00:00+00:00,6510
2018-07-09T00:00:00+00:00,6658.6381569661
2018-07-10T00:00:00+00:00,6309.9932539311
2018-07-11T00:00:00+00:00,6270.84
2018-07-12T00:00:00+00:00,6088.6956602105
2018-07-13T00:00:00+00:00,6072
2018-07-14T00:00:00+00:00,6121.01
2018-07-15T00:00:00+00:00,6180
2018-07-16T00:00:00+00:00,6227.76
2018-07-17T00:00:00+00:00,6333.63
2018-07-18T00:00:00+00:00,6657.95
2018-07-19T00:00:00+00:00,7239.15
2018-07-20T00:00:00+00:00,7278.84
2018-07-21T00:00:00+00:00,7226.6181922783
2018-07-22T00:00:00+00:00,7212
2018-07-23T00:00:00+00:00,7336.15
2018-07-24T00:00:00+00:00,7369.86
2018-07-25T00:00:00+00:00,7691.14
2018-07-26T00:00:00+00:00,7862.7036093789
2018-07-27T00:00:00+00:00,7808.4085545544
2018-07-28T00:00:00+00:00,7798.48
2018-07-29T00:00:00+00:00,8051.43
2018-07-30T00:00:00+00:00,7864.2168691738
2018-07-31T00:00:00+00:00,7655.185178303
2018-08-01T00:00:00+00:00,7441.8270319149
2018-08-02T00:00:00+00:00,7440
2018-08-03T00:00:00+00:00,7295.5123768431
2018-08-04T00:00:00+00:00,6989.6134913797
2018-08-05T00:00:00+00:00,6903.1382377779
2018-08-06T00:00:00+00:00,6834.383360777
2018-08-07T00:00:00+00:00,6674.1846132699
2018-08-08T00:00:00+00:00,6128.0418213102
2018-08-09T00:00:00+00:00,6121
2018-08-10T00:00:00+00:00,6026.1624866545
2018-08-11T00:00:00+00:00,5995.75
2018-08-12T00:00:00+00:00,6000
2018-08-13T00:00:00+00:00,6144.5152781186
2018-08-14T00:00:00+00:00,5872.8917768765
2018-08-15T00:00:00+00:00,5880
2018-08-16T00:00:00+00:00,6186.02
2018-08-17T00:00:00+00:00,6208.37
2018-08-18T00:00:00+00:00,6290.64
2018-08-19T00:00:00+00:00,6303
2018-08-20T00:00:00+00:00,6234.4140270419
2018-08-21T00:00:00+00:00,6215.7665076442
2018-08-22T00:00:00+00:00,6246.05
2018-08-23T00:00:00+00:00,6250
2018-08-24T00:00:00+00:00,6344.8
2018-08-25T00:00:00+00:00,6445.32
2018-08-26T00:00:00+00:00,6564.7623781802
2018-08-27T00:00:00+00:00,6558.95
2018-08-28T00:00:00+00:00,6641.35
2018-08-29T00:00:00+00:00,6861.17
2018-08-30T00:00:00+00:00,6791.8553457851
2018-08-31T00:00:00+00:00,6792.85
2018-09-01T00:00:00+00:00,6879
2018-09-02T00:00:00+00:00,7015.22
2018-09-03T00:00:00+00:00,7130.63
2018-09-04T00:00:00+00:00,7184
2018-09-05T00:00:00+00:00,6715.0812861589
2018-09-06T00:00:00+00:00,6277.1436317882
2018-09-07T00:00:00+00:00,6253.29
2018-09-08T00:00:00+00:00,6114.5702888033
2018-09-09T00:00:00+00:00,6113.23
2018-09-10T00:00:00+00:00,6094.38
2018-09-11T00:00:00+00:00,6170.3513242649
2018-09-12T00:00:00+00:00,6162.06
2018-09-13T00:00:00+00:00,6192.89
2018-09-14T00:00:00+00:00,6324.37
2018-09-15T00:00:00+00:00,6384.36
2018-09-16T00:00:00+00:00,6379.6532291768
2018-09-17T00:00:00+00:00,6203.1089590103
2018-09-18T00:00:00+00:00,6200
2018-09-19T00:00:00+00:00,6114.6213536036
2018-09-20T00:00:00+00:00,6100
2018-09-21T00:00:00+00:00,6333.63
2018-09-22T00:00:00+00:00,6483.83
2018-09-23T00:00:00+00:00,6624.79
2018-09-24T00:00:00+00:00,6558.4119649047
2018-09-25T00:00:00+00:00,6330.4502992509
2018-09-26T00:00:00+00:00,6324.96
2018-09-27T00:00:00+00:00,6379.44
2018-09-28T00:00:00+00:00,6431.95
2018-09-29T00:00:00+00:00,6466.2347962169
2018-09-30T00:00:00+00:00,6454
2018-10-01T00:00:00+00:00,6507.3730379724
2018-10-02T00:00:00+00:00,6477.57
2018-10-03T00:00:00+00:00,6427.0547500435
2018-10-04T00:00:00+00:00,6396.34
2018-10-05T00:00:00+00:00,6450.58
2018-10-06T00:00:00+00:00,6510
2018-10-07T00:00:00+00:00,6526.1430604115
2018-10-08T00:00:00+00:00,6493.92
2018-10-09T00:00:00+00:00,6541.06
2018-10-10T00:00:00+00:00,6498.1969170091
2018-10-11T00:00:00+00:00,6170.6223057707
2018-10-12T00:00:00+00:00,6055.28
2018-10-13T00:00:00+00:00,6109.79
2018-10-14T00:00:00+00:00,6168.83
2018-10-15T00:00:00+00:00,6143.08
2018-10-16T00:00:00+00:00,6149.28
2018-10-17T00:00:00+00:00,6386.4
2018-10-18T00:00:00+00:00,6407.69
2018-10-19T00:00:00+00:00,6350
2018-10-20T00:00:00+00:00,6355.99
2018-10-21T00:00:00+00:00,6363.02
2018-10-22T00:00:00+00:00,6401.01
2018-10-23T00:00:00+00:00,6372.53
2018-10-24T00:00:00+00:00,6354.26
2018-10-25T00:00:00+00:00,6393
2018-10-26T00:00:00+00:00,6361.73
2018-10-27T00:00:00+00:00,6377.81
2018-10-28T00:00:00+00:00,6381.25
2018-10-29T00:00:00+00:00,6288.7375382644
2018-10-30T00:00:00+00:00,6208.37
2018-10-31T00:00:00+00:00,6238.5286479366
2018-11-01T00:00:00+00:00,6199.25
2018-11-02T00:00:00+00:00,6288.01
2018-11-03T00:00:00+00:00,6328.33
2018-11-04T00:00:00+00:00,6312.48
2018-11-05T00:00:00+00:00,6310.57
2018-11-06T00:00:00+00:00,6369.89
2018-11-07T00:00:00+00:00,6378.24
2018-11-08T00:00:00+00:00,6442.47
2018-11-09T00:00:00+00:00,6372.5476670287
2018-11-10T00:00:00+00:00,6307
2018-11-11T00:00:00+00:00,6323
2018-11-12T00:00:00+00:00,6269.46
2018-11-13T00:00:00+00:00,6298.5
2018-11-14T00:00:00+00:00,5544.032843973
2018-11-15T00:00:00+00:00,5324
2018-11-16T00:00:00+00:00,5199.8
2018-11-17T00:00:00+00:00,5411.74
2018-11-18T00:00:00+00:00,5452.63
2018-11-19T00:00:00+00:00,4811.6752728138
2018-11-20T00:00:00+00:00,4244.5261269618
2018-11-21T00:00:00+00:00,4048.58
2018-11-22T00:00:00+00:00,4242.33
2018-11-23T00:00:00+00:00,4184.0149018969
2018-11-24T00:00:00+00:00,3833.4922768035
2018-11-25T00:00:00+00:00,3607.4897203209
2018-11-26T00:00:00+00:00,3474.73
2018-11-27T00:00:00+00:00,3522.28
2018-11-28T00:00:00+00:00,3548.76
2018-11-29T00:00:00+00:00,3771
2018-11-30T00:00:00+00:00,3940.5083176823
2018-12-01T00:00:00+00:00,3861
2018-12-02T00:00:00+00:00,3904.34
2018-12-03T00:00:00+00:00,3839.0018234951
2018-12-04T00:00:00+00:00,3747
2018-12-05T00:00:00+00:00,3730
2018-12-06T00:00:00+00:00,3496.6652223192
2018-12-07T00:00:00+00:00,3237.0803528096
2018-12-08T00:00:00+00:00,3210
2018-12-09T00:00:00+00:00,3241
2018-12-10T00:00:00+00:00,3371.09
2018-12-11T00:00:00+00:00,3355
2018-12-12T00:00:00+00:00,3292.65
2018-12-13T00:00:00+00:00,3325.7
2018-12-14T00:00:00+00:00,3221.14
2018-12-15T00:00:00+00:00,3135.55
2018-12-16T00:00:00+00:00,3122.28
2018-12-17T00:00:00+00:00,3178.23
2018-12-18T00:00:00+00:00,3181.26
2018-12-19T00:00:00+00:00,3422.77
2018-12-20T00:00:00+00:00,3642.69
2018-12-21T00:00:00+00:00,3656.75
2018-12-22T00:00:00+00:00,3770
2018-12-23T00:00:00+00:00,3780.09
2018-12-24T00:00:00+00:00,3900
2018-12-25T00:00:00+00:00,3702.9641778826
2018-12-26T00:00:00+00:00,3674.73
2018-12-27T00:00:00+00:00,3585.8829657208
2018-12-28T00:00:00+00:00,3566
2018-12-29T00:00:00+00:00,3575
2018-12-30T00:00:00+00:00,3702.51
2018-12-31T00:00:00+00:00,3688.76
2019-01-01T00:00:00+00:00,3630
2019-01-02T00:00:00+00:00,3629.66
2019-01-03T00:00:00+00:00,3769.1272194512
2019-01-04T00:00:00+00:00,3746.6385791797
2019-01-05T00:00:00+00:00,3732.38
2019-01-06T00:00:00+00:00,3780
2019-01-07T00:00:00+00:00,3753
2019-01-08T00:00:00+00:00,3946.6436291203
2019-01-09T00:00:00+00:00,3934.73
2019-01-10T00:00:00+00:00,3592.0891492885
2019-01-11T00:00:00+00:00,3538.1785568736
2019-01-12T00:00:00+00:00,3567.356183248
2019-01-13T00:00:00+00:00,3469.0923560627
2019-01-14T00:00:00+00:00,3489.7769083003
2019-01-15T00:00:00+00:00,3557.3282542089
2019-01-16T00:00:00+00:00,3570.0101790546
2019-01-17T00:00:00+00:00,3545.7119931221
2019-01-18T00:00:00+00:00,3575.9576647288
2019-01-19T00:00:00+00:00,3617.1577529673
2019-01-20T00:00:00+00:00,3516.2095851136
2019-01-21T00:00:00+00:00,3499.3209453705
2019-01-22T00:00:00+00:00,3445.5820541864
2019-01-23T00:00:00+00:00,3529.5328649495
2019-01-24T00:00:00+00:00,3537.9284144834
2019-01-25T00:00:00+00:00,3524.2347734878
2019-01-26T00:00:00+00:00,3558.7636665488
2019-01-27T00:00:00+00:00,3496.0834387788
2019-01-28T00:00:00+00:00,3392.9407377783
2019-01-29T00:00:00+00:00,3357.5608854246
2019-01-30T00:00:00+00:00,3393.4324454961
2019-01-31T00:00:00+00:00,3422.0841460759
2019-02-01T00:00:00+00:00,3402.1726071443
2019-02-02T00:00:00+00:00,3448.2467280193
2019-02-03T00:00:00+00:00,3428.8100098452
2019-02-04T00:00:00+00:00,3432.2277923652
2019-02-05T00:00:00+00:00,3442.5963270896
2019-02-06T00:00:00+00:00,3379.4846825989
2019-02-07T00:00:00+00:00,3382.339174814
2019-02-08T00:00:00+00:00,3380.8012771709
2019-02-09T00:00:00+00:00,3630.355893376
2019-02-10T00:00:00+00:00,3616.3729337837
2019-02-11T00:00:00+00:00,3613.3579237213
2019-02-12T00:00:00+00:00,3589.1952413804
2019-02-13T00:00:00+00:00,3594.5951393716
2019-02-14T00:00:00+00:00,3574.766221291
2019-02-15T00:00:00+00:00,3582.8837829712
2019-02-16T00:00:00+00:00,3605.2841486423
2019-02-17T00:00:00+00:00,3606.1750893165
2019-02-18T00:00:00+00:00,3666.0697340815
2019-02-19T00:00:00+00:00,3865.9334243698
2019-02-20T00:00:00+00:00,3887.545209332
2019-02-21T00:00:00+00:00,3905.3191034227
2019-02-22T00:00:00+00:00,3932.5521191482
2019-02-23T00:00:00+00:00,3942.8970801658
2019-02-24T00:00:00+00:00,3764.2323745321
2019-02-25T00:00:00+00:00,3758.2621552794
2019-02-26T00:00:00+00:00,3786.0949762236
2019-02-27T00:00:00+00:00,3716.6133076646
2019-02-28T00:00:00+00:00,3788.08408501
2019-03-01T00:00:00+00:00,3815.96668736
2019-03-02T00:00:00+00:00,3780.630099508
2019-03-03T00:00:00+00:00,3784.397432077
2019-03-04T00:00:00+00:00,3688.8604546231
2019-03-05T00:00:00+00:00,3719.446604442
2019-03-06T00:00:00+00:00,3834.9629474428
2019-03-07T00:00:00+00:00,3858.7986213413
2019-03-08T00:00:00+00:00,3822.0493053005
2019-03-09T00:00:00+00:00,3862.7668111748
2019-03-10T00:00:00+00:00,3891.3830812552
2019-03-11T00:00:00+00:00,3846.9070935455
2019-03-12T00:00:00+00:00,3833.9300988011
2019-03-13T00:00:00+00:00,3852.8238242397
2019-03-14T00:00:00+00:00,3843.2709369225
2019-03-15T00:00:00+00:00,3881.6326589013
2019-03-16T00:00:00+00:00,3942.4724722531
2019-03-17T00:00:00+00:00,3955.620983605
2019-03-18T00:00:00+00:00,3956.3079848072
2019-03-19T00:00:00+00:00,3974.3455469255
2019-03-20T00:00:00+00:00,3990.3137762559
2019-03-21T00:00:00+00:00,3946.1364968058
2019-03-22T00:00:00+00:00,3975.5170391021
2019-03-23T00:00:00+00:00,3981.8256986519
2019-03-24T00:00:00+00:00,3956.0912501691
2019-03-25T00:00:00+00:00,3888.2982004126
2019-03-26T00:00:00+00:00,3897.6174924052
2019-03-27T00:00:00+00:00,3940.9629176957
2019-03-28T00:00:00+00:00,4011.401296952
2019-03-29T00:00:00+00:00,4030.2057379557
2019-03-30T00:00:00+00:00,4061.5720681246
2019-03-31T00:00:00+00:00,4087.811093244
2019-04-01T00:00:00+00:00,4085.7451119207
2019-04-02T00:00:00+00:00,4152.909805497
2019-04-03T00:00:00+00:00,4802.9021353035
2019-04-04T00:00:00+00:00,4797.3458131443
2019-04-05T00:00:00+00:00,4891.1710717604
2019-04-06T00:00:00+00:00,4946.9034986571
2019-04-07T00:00:00+00:00,5035.902419215
2019-04-08T00:00:00+00:00,5077.2705999665
2019-04-09T00:00:00+00:00,5113.8929278403
2019-04-10T00:00:00+00:00,5156.7585395595
2019-04-11T00:00:00+00:00,4960.0294200519
2019-04-12T00:00:00+00:00,4902.7527384885
2019-04-13T00:00:00+00:00,5021.5846662118
2019-04-14T00:00:00+00:00,5011.002042794
2019-04-15T00:00:00+00:00,4956.3850430045
2019-04-16T00:00:00+00:00,5016.0694494792
2019-04-17T00:00:00+00:00,5161.6832133357
2019-04-18T00:00:00+00:00,5210.90304564
2019-04-19T00:00:00+00:00,5185.8725729019
2019-04-20T00:00:00+00:00,5243.5548216334
2019-04-21T00:00:00+00:00,5188.9954252504
2019-04-22T00:00:00+00:00,5227.6638166504
2019-04-23T00:00:00+00:00,5350.4671676157
2019-04-24T00:00:00+00:00,5354.9231002362
2019-04-25T00:00:00+00:00,5065.9411977243
2019-04-26T00:00:00+00:00,5144.3725142561
2019-04-27T00:00:00+00:00,5253.6974664185
2019-04-28T00:00:00+00:00,5276.8763204667
2019-04-29T00:00:00+00:00,5203.4470850286
2019-04-30T00:00:00+00:00,5233.8546914271
2019-05-01T00:00:00+00:00,5358.1008769103
2019-05-02T00:00:00+00:00,5426.0334803006
2019-05-03T00:00:00+00:00,5511.2466416021
2019-05-04T00:00:00+00:00,5621.2744190674
2019-05-05T00:00:00+00:00,5731.1448150975
2019-05-06T00:00:00+00:00,5657.0025498194
2019-05-07T00:00:00+00:00,5785.7942481619
2019-05-08T00:00:00+00:00,5785.6551805797
2019-05-09T00:00:00+00:00,6000.993177169
2019-05-10T00:00:00+00:00,6162.9087257133
2019-05-11T00:00:00+00:00,6390.4833783819
2019-05-12T00:00:00+00:00,6791.71282986
2019-05-13T00:00:00+00:00,6871.5246907174
2019-05-14T00:00:00+00:00,7615.0139953507
2019-05-15T00:00:00+00:00,7851.2517173218
2019-05-16T00:00:00+00:00,7698.5632862218
2019-05-17T00:00:00+00:00,6839.2353883464
2019-05-18T00:00:00+00:00,7212.042896157
2019-05-19T00:00:00+00:00,7248.8278384093
2019-05-20T00:00:00+00:00,7594.4096014492
2019-05-21T00:00:00+00:00,7817.7515702569
2019-05-22T00:00:00+00:00,7581.6653394667
2019-05-23T00:00:00+00:00,7456.309746693
2019-05-24T00:00:00+00:00,7771.0430933769
2019-05-25T00:00:00+00:00,7914.6120716817
2019-05-26T00:00:00+00:00,7856.6840882278
2019-05-27T00:00:00+00:00,8609.7620155613
2019-05-28T00:00:00+00:00,8575.5990099057
2019-05-29T00:00:00+00:00,8446.591404805
2019-05-30T00:00:00+00:00,8059.4507244813
2019-05-31T00:00:00+00:00,8107.5748956016
2019-06-01T00:00:00+00:00,8444.6546493428
2019-06-02T00:00:00+00:00,8529.8764683848
2019-06-03T00:00:00+00:00,8076.7992817491
2019-06-04T00:00:00+00:00,7475.9387358714
2019-06-05T00:00:00+00:00,7595.4539810224
2019-06-06T00:00:00+00:00,7493.335495894
2019-06-07T00:00:00+00:00,7748.4390075471
2019-06-08T00:00:00+00:00,7783.1118058293
2019-06-09T00:00:00+00:00,7505.2965491887
2019-06-10T00:00:00+00:00,7512.3231131772
2019-06-11T00:00:00+00:00,7697.1396640828
2019-06-12T00:00:00+00:00,7799.8102493353
2019-06-13T00:00:00+00:00,8030.844129362
2019-06-14T00:00:00+00:00,8161.0413359326
2019-06-15T00:00:00+00:00,8580.4123428323
2019-06-16T00:00:00+00:00,8782.4438408106
2019-06-17T00:00:00+00:00,8963.6065805642
2019-06-18T00:00:00+00:00,8944.5668541427
2019-06-19T00:00:00+00:00,8994.4843792333
2019-06-20T00:00:00+00:00,9198.3488987324
2019-06-21T00:00:00+00:00,9532.5754745585
2019-06-22T00:00:00+00:00,10054.628846815
2019-06-23T00:00:00+00:00,10559.985606251
2019-06-24T00:00:00+00:00,10596.614087249
2019-06-25T00:00:00+00:00,10969.627728072
2019-06-26T00:00:00+00:00,11586.469359075
2019-06-27T00:00:00+00:00,10356.958301804
2019-06-28T00:00:00+00:00,10931.460245151
2019-06-29T00:00:00+00:00,11416.319716684
2019-06-30T00:00:00+00:00,10708.252507258
2019-07-01T00:00:00+00:00,10021.431996545
2019-07-02T00:00:00+00:00,9712.4766065125
2019-07-03T00:00:00+00:00,10840.922935703
2019-07-04T00:00:00+00:00,11052.494442903
2019-07-05T00:00:00+00:00,10781.37039397
2019-07-06T00:00:00+00:00,10966.11321262
2019-07-07T00:00:00+00:00,11095.533711492
2019-07-08T00:00:00+00:00,11267.596522858
2019-07-09T00:00:00+00:00,12073.732916269
2019-07-10T00:00:00+00:00,11551.713589694
2019-07-11T00:00:00+00:00,10994.665164575
2019-07-12T00:00:00+00:00,11078.16603533
2019-07-13T00:00:00+00:00,10822.294891779
2019-07-14T00:00:00+00:00,10099.32639006
2019-07-15T00:00:00+00:00,9879.8986444277
2019-07-16T00:00:00+00:00,9375.5190846258
2019-07-17T00:00:00+00:00,9066.5155806279
2019-07-18T00:00:00+00:00,9259.4525290569
2019-07-19T00:00:00+00:00,10119.217275869
2019-07-20T00:00:00+00:00,10354.366178478
2019-07-21T00:00:00+00:00,10294.473803498
2019-07-22T00:00:00+00:00,10084.460227604
2019-07-23T00:00:00+00:00,9817.8510581209
2019-07-24T00:00:00+00:00,9522.8126269881
2019-07-25T00:00:00+00:00,9724.6793332013
2019-07-26T00:00:00+00:00,9642.5137453297
2019-07-27T00:00:00+00:00,9318.6290483717
2019-07-28T00:00:00+00:00,9144.7669502377
2019-07-29T00:00:00+00:00,9383.2688028698
2019-07-30T00:00:00+00:00,9395.5723228596
2019-07-31T00:00:00+00:00,9560.0879740422
2019-08-01T00:00:00+00:00,9867.8589571904
2019-08-02T00:00:00+00:00,10296.93071687
2019-08-03T00:00:00+00:00,10500.822753298
2019-08-04T00:00:00+00:00,10545.274071464
2019-08-05T00:00:00+00:00,10941.210927496
2019-08-06T00:00:00+00:00,11223.518905376
2019-08-07T00:00:00+00:00,11384.657153251
2019-08-08T00:00:00+00:00,11511.917465429
2019-08-09T00:00:00+00:00,11687.10324757
2019-08-10T00:00:00+00:00,11239.08715022
2019-08-11T00:00:00+00:00,11298.679322796
2019-08-12T00:00:00+00:00,11238.324973255
2019-08-13T00:00:00+00:00,10784.891101382
2019-08-14T00:00:00+00:00,9938.1023074129
2019-08-15T00:00:00+00:00,9620.2619910356
2019-08-16T00:00:00+00:00,9755.7608484013
2019-08-17T00:00:00+00:00,9997.3368330422
2019-08-18T00:00:00+00:00,10076.760199064
2019-08-19T00:00:00+00:00,10266.370927409
2019-08-20T00:00:00+00:00,10560.072173357
2019-08-21T00:00:00+00:00,9851.4942299156
2019-08-22T00:00:00+00:00,9764.274068466
2019-08-23T00:00:00+00:00,10028.688912558
2019-08-24T00:00:00+00:00,9889.1591743185
2019-08-25T00:00:00+00:00,9898.6046445171
2019-08-26T00:00:00+00:00,10138.308168849
2019-08-27T00:00:00+00:00,10046.097245137
2019-08-28T00:00:00+00:00,9518.003
2019-08-29T00:00:00+00:00,9325.9154320437
2019-08-30T00:00:00+00:00,9352.2338590682
2019-08-31T00:00:00+00:00,9430.395352473
2019-09-01T00:00:00+00:00,9526.367062473
2019-09-02T00:00:00+00:00,9724.2161164798
2019-09-03T00:00:00+00:00,10276.36340886
2019-09-04T00:00:00+00:00,10374.912211892
2019-09-05T00:00:00+00:00,10451.902604258
2019-09-06T00:00:00+00:00,10165.927517056
2019-09-07T00:00:00+00:00,10289.600340919
2019-09-08T00:00:00+00:00,10217.471227428
2019-09-09T00:00:00+00:00,10073.62933492
2019-09-10T00:00:00+00:00,9949.7037199489
2019-09-11T00:00:00+00:00,9875.8501626586
2019-09-12T00:00:00+00:00,10042.277678716
2019-09-13T00:00:00+00:00,10152.762080754
2019-09-14T00:00:00+00:00,10225.642754597
2019-09-15T00:00:00+00:00,10255.373374168
2019-09-16T00:00:00+00:00,10077.618005477
2019-09-17T00:00:00+00:00,10133.79992734
2019-09-18T00:00:00+00:00,10098.82447406
2019-09-19T00:00:00+00:00,9634.6386636371
2019-09-20T00:00:00+00:00,10065.607507582
2019-09-21T00:00:00+00:00,9909.4562611847
2019-09-22T00:00:00+00:00,9855.1186404308
2019-09-23T00:00:00+00:00,9614.1198907201
2019-09-24T00:00:00+00:00,7927.1518731792
2019-09-25T00:00:00+00:00,8222.642816268
2019-09-26T00:00:00+00:00,7752.2391883048
2019-09-27T00:00:00+00:00,7870.7443766487
2019-09-28T00:00:00+00:00,8008.5478329572
2019-09-29T00:00:00+00:00,7896.7191633327
2019-09-30T00:00:00+00:00,7713.2984656929
2019-10-01T00:00:00+00:00,8182.3288354727
2019-10-02T00:00:00+00:00,8157.0741495918
2019-10-03T00:00:00+00:00,8066.2152202554
2019-10-04T00:00:00+00:00,8008.0737959617
2019-10-05T00:00:00+00:00,8017.6830023113
2019-10-06T00:00:00+00:00,7786.5020887619
2019-10-07T00:00:00+00:00,7766.5077092338
2019-10-08T00:00:00+00:00,8094.825088756
2019-10-09T00:00:00+00:00,8119.5500498189
2019-10-10T00:00:00+00:00,8426.7509282381
2019-10-11T00:00:00+00:00,8220.759211081
2019-10-12T00:00:00+00:00,8251.4677455673
2019-10-13T00:00:00+00:00,8162.2586101127
2019-10-14T00:00:00+00:00,8212.8117384868
2019-10-15T00:00:00+00:00,8097.4212041912
2019-10-16T00:00:00+00:00,7923.5851584443
2019-10-17T00:00:00+00:00,7931.8789233183
2019-10-18T00:00:00+00:00,7827.1594115529
2019-10-19T00:00:00+00:00,7877.591564395
2019-10-20T00:00:00+00:00,7876.5403290574
2019-10-21T00:00:00+00:00,8147.7366976147
2019-10-22T00:00:00+00:00,8002.5971499886
2019-10-23T00:00:00+00:00,7313.9917004126
2019-10-24T00:00:00+00:00,7346.8268118879
2019-10-25T00:00:00+00:00,7376.1378304667
2019-10-26T00:00:00+00:00,8531.7023309618
2019-10-27T00:00:00+00:00,9082.1911759456
2019-10-28T00:00:00+00:00,9173.4666698053
2019-10-29T00:00:00+00:00,9079.9874090765
2019-10-30T00:00:00+00:00,9003.3356078765
2019-10-31T00:00:00+00:00,8928.7938100192
2019-11-01T00:00:00+00:00,9037.4570997038
2019-11-02T00:00:00+00:00,9195.6628078629
2019-11-03T00:00:00+00:00,9069.844675995
2019-11-04T00:00:00+00:00,9121.3221506808
2019-11-05T00:00:00+00:00,9172.7436921805
2019-11-06T00:00:00+00:00,9252.5297270794
2019-11-07T00:00:00+00:00,9093.0680012962
2019-11-08T00:00:00+00:00,8688.5846898971
2019-11-09T00:00:00+00:00,8723.9246711159
2019-11-10T00:00:00+00:00,8748.821323711
2019-11-11T00:00:00+00:00,8614.6018452319
2019-11-12T00:00:00+00:00,8567.9936002323
2019-11-13T00:00:00+00:00,8703.5515229423
2019-11-14T00:00:00+00:00,8580.3857445104
2019-11-15T00:00:00+00:00,8394.3137666339
2019-11-16T00:00:00+00:00,8406.8092515543
2019-11-17T00:00:00+00:00,8359.6806215031
2019-11-18T00:00:00+00:00,8058.7971040365
2019-11-19T00:00:00+00:00,8005.3855128584
2019-11-20T00:00:00+00:00,8040.6983926564
2019-11-21T00:00:00+00:00,7468.9325648303
2019-11-22T00:00:00+00:00,6789.5156127385
2019-11-23T00:00:00+00:00,7085.8343475831
2019-11-24T00:00:00+00:00,6866.4608227759
2019-11-25T00:00:00+00:00,6558.1065667723
2019-11-26T00:00:00+00:00,7019.7601595109
2019-11-27T00:00:00+00:00,6846.5235086655
2019-11-28T00:00:00+00:00,7342.8288504677
2019-11-29T00:00:00+00:00,7385.7999547844
2019-11-30T00:00:00+00:00,7448.2995000663
2019-12-01T00:00:00+00:00,7223.5064091448
2019-12-02T00:00:00+00:00,7157.080315804
2019-12-03T00:00:00+00:00,7242.4675655959
2019-12-04T00:00:00+00:00,7076.9192984349
2019-12-05T00:00:00+00:00,7151.0113980774
2019-12-06T00:00:00+00:00,7309.1362492841
2019-12-07T00:00:00+00:00,7474.5662897866
2019-12-08T00:00:00+00:00,7382.8557111722
2019-12-09T00:00:00+00:00,7274.8406172942
2019-12-10T00:00:00+00:00,7159.4979500817
2019-12-11T00:00:00+00:00,7128.8794508474
2019-12-12T00:00:00+00:00,7084.5709328956
2019-12-13T00:00:00+00:00,7191.3534389034
2019-12-14T00:00:00+00:00,7012.9298688579
2019-12-15T00:00:00+00:00,7011.5766285322
2019-12-16T00:00:00+00:00,6829.4732647746
2019-12-17T00:00:00+00:00,6568.2296966642
2019-12-18T00:00:00+00:00,6438.3248499669
2019-12-19T00:00:00+00:00,7042.3117003535
2019-12-20T00:00:00+00:00,7082.8121555957
2019-12-21T00:00:00+00:00,7107.2710911049
2019-12-22T00:00:00+00:00,7125.4741900127
2019-12-23T00:00:00+00:00,7259.5890389653
2019-12-24T00:00:00+00:00,7157.9182593687
2019-12-25T00:00:00+00:00,7125.4555285575
2019-12-26T00:00:00+00:00,7156.558308552
2019-12-27T00:00:00+00:00,7074.9593611975
2019-12-28T00:00:00+00:00,7240.8847593612
2019-12-29T00:00:00+00:00,7287.5716532868
2019-12-30T00:00:00+00:00,7214.0608736707
2019-12-31T00:00:00+00:00,7138.9179365296
2020-01-01T00:00:00+00:00,7168.9679885475
2020-01-02T00:00:00+00:00,6923.5638613545
2020-01-03T00:00:00+00:00,6870.7239929399
2020-01-04T00:00:00+00:00,7273.2292477927
2020-01-05T00:00:00+00:00,7316.967451661
2020-01-06T00:00:00+00:00,7347.4148557425
2020-01-07T00:00:00+00:00,7725.5964467683
2020-01-08T00:00:00+00:00,7866.503310212
2020-01-09T00:00:00+00:00,7749.6975717051
2020-01-10T00:00:00+00:00,7670.9353379093
2020-01-11T00:00:00+00:00,8002.0280931254
2020-01-12T00:00:00+00:00,7959.4619779557
2020-01-13T00:00:00+00:00,8053.2400662116
2020-01-14T00:00:00+00:00,8104.5275024148
2020-01-15T00:00:00+00:00,8561.6204302276
2020-01-16T00:00:00+00:00,8584.4866937139
2020-01-17T00:00:00+00:00,8675.1581464745
2020-01-18T00:00:00+00:00,8804.7955493797
2020-01-19T00:00:00+00:00,8457.3898451812
2020-01-20T00:00:00+00:00,8518.9046418355
2020-01-21T00:00:00+00:00,8484.9012846617
2020-01-22T00:00:00+00:00,8585.3269548053
2020-01-23T00:00:00+00:00,8298.7179484792
2020-01-24T00:00:00+00:00,8235.1117438355
2020-01-25T00:00:00+00:00,8256.254286363
2020-01-26T00:00:00+00:00,8311.7954233086
2020-01-27T00:00:00+00:00,8552.5260721545
2020-01-28T00:00:00+00:00,8878.4590430589
2020-01-29T00:00:00+00:00,9223.7397268438
2020-01-30T00:00:00+00:00,9186.6597092866
2020-01-31T00:00:00+00:00,9207.4003639212
2020-02-01T00:00:00+00:00,9283.7941286958
2020-02-02T00:00:00+00:00,9127.3023227564
2020-02-03T00:00:00+00:00,9232.5759988611
2020-02-04T00:00:00+00:00,9091.3263631452
2020-02-05T00:00:00+00:00,9173.1207299384
2020-02-06T00:00:00+00:00,9527.5982430739
2020-02-07T00:00:00+00:00,9724.4243867487
2020-02-08T00:00:00+00:00,9663.7056901638
2020-02-09T00:00:00+00:00,9880.6349644335
2020-02-10T00:00:00+00:00,9746.5918859104
2020-02-11T00:00:00+00:00,9702.676684383
2020-02-12T00:00:00+00:00,10228.480186495
2020-02-13T00:00:00+00:00,10076.654959539
2020-02-14T00:00:00+00:00,10109.345356877
2020-02-15T00:00:00+00:00,9793.8518000942
2020-02-16T00:00:00+00:00,9635.6841838562
2020-02-17T00:00:00+00:00,9460.4748795328
2020-02-18T00:00:00+00:00,9586.7164022256
2020-02-19T00:00:00+00:00,9372.8916924527
2020-02-20T00:00:00+00:00,9420.4042925147
2020-02-21T00:00:00+00:00,9557.3784504976
2020-02-22T00:00:00+00:00,9562.2935710222
2020-02-23T00:00:00+00:00,9650.5734193164
2020-02-24T00:00:00+00:00,9471.4650362085
2020-02-25T00:00:00+00:00,9245.9096379722
2020-02-26T00:00:00+00:00,8632.2988741873
2020-02-27T00:00:00+00:00,8529.334879615
2020-02-28T00:00:00+00:00,8440.7014286567
2020-02-29T00:00:00+00:00,8525.0980189536
2020-03-01T00:00:00+00:00,8413.9447666298
2020-03-02T00:00:00+00:00,8498.249026013
2020-03-03T00:00:00+00:00,8651.5829614589
2020-03-04T00:00:00+00:00,8665.7632121961
2020-03-05T00:00:00+00:00,8751.430366824
2020-03-06T00:00:00+00:00,8988.4038324356
2020-03-07T00:00:00+00:00,8840.8466076587
2020-03-08T00:00:00+00:00,8009.7895680372
2020-03-09T00:00:00+00:00,7643.0337616181
2020-03-10T00:00:00+00:00,7732.7141004462
2020-03-11T00:00:00+00:00,7593.6989441993
2020-03-12T00:00:00+00:00,4503.6354955746
2020-03-13T00:00:00+00:00,3836.9059116181
2020-03-14T00:00:00+00:00,5070.9373827268
2020-03-15T00:00:00+00:00,5095.7134112255
2020-03-16T00:00:00+00:00,4469.2558743923
2020-03-17T00:00:00+00:00,4978.5961800185
2020-03-18T00:00:00+00:00,5010.4221784705
2020-03-19T00:00:00+00:00,5256.0587857313
2020-03-20T00:00:00+00:00,5665.4587679885
2020-03-21T00:00:00+00:00,5860.59956284
2020-03-22T00:00:00+00:00,5736.7952396322
2020-03-23T00:00:00+00:00,5685.4478026487
2020-03-24T00:00:00+00:00,6380.5754317306
2020-03-25T00:00:00+00:00,6450.7032969152
2020-03-26T00:00:00+00:00,6510.5185633415
2020-03-27T00:00:00+00:00,6259.010097678
2020-03-28T00:00:00+00:00,6027.7449937011
2020-03-29T00:00:00+00:00,5870.2097123913
2020-03-30T00:00:00+00:00,5858.8343150231
2020-03-31T00:00:00+00:00,6324.1684211062
2020-04-01T00:00:00+00:00,6153.4736651883
2020-04-02T00:00:00+00:00,6556.8310432137
2020-04-03T00:00:00+00:00,6604.2934243647
2020-04-04T00:00:00+00:00,6651.1922217367
2020-04-05T00:00:00+00:00,6678.9896887482
2020-04-06T00:00:00+00:00,6767.4333343799
2020-04-07T00:00:00+00:00,7077.2258740631
2020-04-08T00:00:00+00:00,7149.5643466459
2020-04-09T00:00:00+00:00,7114.6322000233
2020-04-10T00:00:00+00:00,6743.2721735113
2020-04-11T00:00:00+00:00,6763.1947719153
2020-04-12T00:00:00+00:00,6782.656691666
2020-04-13T00:00:00+00:00,6570.255718766
2020-04-14T00:00:00+00:00,6756.6825727584
2020-04-15T00:00:00+00:00,6606.1395029231
2020-04-16T00:00:00+00:00,6469.5654979205
2020-04-17T00:00:00+00:00,6980.2332736733
2020-04-18T00:00:00+00:00,7016.6332001894
2020-04-19T00:00:00+00:00,7060.3866929401
2020-04-20T00:00:00+00:00,6778.8052931268
2020-04-21T00:00:00+00:00,6765.1692429316
2020-04-22T00:00:00+00:00,6820.19038936
2020-04-23T00:00:00+00:00,7024.2746398309
2020-04-24T00:00:00+00:00,7388.1303043244
2020-04-25T00:00:00+00:00,7433.9403303511
2020-04-26T00:00:00+00:00,7479.8375627621
2020-04-27T00:00:00+00:00,7611.9579877741
2020-04-28T00:00:00+00:00,7661.2997102953
2020-04-29T00:00:00+00:00,7711.5207774088
2020-04-30T00:00:00+00:00,8403.1726473862
2020-05-01T00:00:00+00:00,8615.8125468978
2020-05-02T00:00:00+00:00,8761.5504001456
2020-05-03T00:00:00+00:00,8715.9851176704
2020-05-04T00:00:00+00:00,8525.1244251073
2020-05-05T00:00:00+00:00,8775.7110504365
2020-05-06T00:00:00+00:00,8911.2831144292
2020-05-07T00:00:00+00:00,9023.1579739925
2020-05-08T00:00:00+00:00,9712.5203987511
2020-05-09T00:00:00+00:00,9518.5711666504
2020-05-10T00:00:00+00:00,8125.3911818973
2020-05-11T00:00:00+00:00,8226.1600967121
2020-05-12T00:00:00+00:00,8530.334668187
2020-05-13T00:00:00+00:00,8795.3744166211
2020-05-14T00:00:00+00:00,9257.1152457514
2020-05-15T00:00:00+00:00,9134.9727031009
2020-05-16T00:00:00+00:00,9219.1937858009
2020-05-17T00:00:00+00:00,9322.7689160082
2020-05-18T00:00:00+00:00,9454.1170752294
2020-05-19T00:00:00+00:00,9472.1488388653
2020-05-20T00:00:00+00:00,9319.8086666218
2020-05-21T00:00:00+00:00,8811.7408650144
2020-05-22T00:00:00+00:00,8931.5696848642
2020-05-23T00:00:00+00:00,9072.988939995
2020-05-24T00:00:00+00:00,8696.6635330188
2020-05-25T00:00:00+00:00,8640.5161597913
2020-05-26T00:00:00+00:00,8698.5248169598
2020-05-27T00:00:00+00:00,8811.6928771609
2020-05-28T00:00:00+00:00,9110.3703396477
2020-05-29T00:00:00+00:00,9330.0197272091
2020-05-30T00:00:00+00:00,9330.2184600448
2020-05-31T00:00:00+00:00,9378.7492377468
2020-06-01T00:00:00+00:00,9420.1140648403
2020-06-02T00:00:00+00:00,9266.4563402798
2020-06-03T00:00:00+00:00,9367.1023681849
2020-06-04T00:00:00+00:00,9448.7768073311
2020-06-05T00:00:00+00:00,9582.066927625
2020-06-06T00:00:00+00:00,9530.1685265378
2020-06-07T00:00:00+00:00,9368.5656045102
2020-06-08T00:00:00+00:00,9633.0435656985
2020-06-09T00:00:00+00:00,9568.1082741911
2020-06-10T00:00:00+00:00,9696.5294879811
2020-06-11T00:00:00+00:00,9098.3933615102
2020-06-12T00:00:00+00:00,9231.4883472138
2020-06-13T00:00:00+00:00,9350.2859593083
2020-06-14T00:00:00+00:00,9244.0319077437
2020-06-15T00:00:00+00:00,8907.1446717591
2020-06-16T00:00:00+00:00,9374.0913964843
2020-06-17T00:00:00+00:00,9235.041873665
2020-06-18T00:00:00+00:00,9277.7894623835
2020-06-19T00:00:00+00:00,9217.85000025
2020-06-20T00:00:00+00:00,9168.9999508482
2020-06-21T00:00:00+00:00,9280.5088116969
2020-06-22T00:00:00+00:00,9275.2747156102
2020-06-23T00:00:00+00:00,9576.2169485406
2020-06-24T00:00:00+00:00,9205.5556104421
2020-06-25T00:00:00+00:00,9003.4736069118
2020-06-26T00:00:00+00:00,9041.179043193
2020-06-27T00:00:00+00:00,8830.0488557827
2020-06-28T00:00:00+00:00,8944.974231556
2020-06-29T00:00:00+00:00,9021.278315028
2020-06-30T00:00:00+00:00,9076.557634216
2020-07-01T00:00:00+00:00,9081.4717105975
2020-07-02T00:00:00+00:00,8939.608065946
2020-07-03T00:00:00+00:00,9037.3245964044
2020-07-04T00:00:00+00:00,9040.016129246
2020-07-05T00:00:00+00:00,8894.1774157117
2020-07-06T00:00:00+00:00,9056.8362465324
2020-07-07T00:00:00+00:00,9202.5255524417
2020-07-08T00:00:00+00:00,9231.1912569253
2020-07-09T00:00:00+00:00,9158.1946701646
2020-07-10T00:00:00+00:00,9122.6303649202
2020-07-11T00:00:00+00:00,9178.8049189426
2020-07-12T00:00:00+00:00,9157.7787241574
2020-07-13T00:00:00+00:00,9198.3968548063
2020-07-14T00:00:00+00:00,9111.3372328484
2020-07-15T00:00:00+00:00,9159.8748096727
2020-07-16T00:00:00+00:00,9039.2260838459
2020-07-17T00:00:00+00:00,9083.6801314749
2020-07-18T00:00:00+00:00,9121.3050176238
2020-07-19T00:00:00+00:00,9102.8339471998
2020-07-20T00:00:00+00:00,9131.8959729704
2020-07-21T00:00:00+00:00,9156.3692471399
2020-07-22T00:00:00+00:00,9266.5797806148
2020-07-23T00:00:00+00:00,9444.533710886
2020-07-24T00:00:00+00:00,9466.248765174
2020-07-25T00:00:00+00:00,9518.7601738331
2020-07-26T00:00:00+00:00,9666.5865607373
2020-07-27T00:00:00+00:00,9923.7765567683
2020-07-28T00:00:00+00:00,10585.09540448
2020-07-29T00:00:00+00:00,10825.125074029
2020-07-30T00:00:00+00:00,10830.596851521
2020-07-31T00:00:00+00:00,10964.425036968
2020-08-01T00:00:00+00:00,11222.236108347
2020-08-02T00:00:00+00:00,10501.75723771
2020-08-03T00:00:00+00:00,10931.796111852
2020-08-04T00:00:00+00:00,11001.177709038
2020-08-05T00:00:00+00:00,11087.892347725
2020-08-06T00:00:00+00:00,11566.113581306
2020-08-07T00:00:00+00:00,11317.470331527
2020-08-08T00:00:00+00:00,11514.994785008
2020-08-09T00:00:00+00:00,11523.803363735
2020-08-10T00:00:00+00:00,11453.929960094
2020-08-11T00:00:00+00:00,11124.018896303
2020-08-12T00:00:00+00:00,11145.34090108
2020-08-13T00:00:00+00:00,11270.693231645
2020-08-14T00:00:00+00:00,11637.993963735
2020-08-15T00:00:00+00:00,11682.800355487
2020-08-16T00:00:00+00:00,11687.068243011
2020-08-17T00:00:00+00:00,11762.262156732
2020-08-18T00:00:00+00:00,11818.993598718
2020-08-19T00:00:00+00:00,11562.745930925
2020-08-20T00:00:00+00:00,11669.142229503
2020-08-21T00:00:00+00:00,11485.771459201
2020-08-22T00:00:00+00:00,11376.603862694
2020-08-23T00:00:00+00:00,11524.339721257
2020-08-24T00:00:00+00:00,11586.855519078
2020-08-25T00:00:00+00:00,11117.24476316
2020-08-26T00:00:00+00:00,11244.712836
2020-08-27T00:00:00+00:00,11127.681420775
2020-08-28T00:00:00+00:00,11279.349966963
2020-08-29T00:00:00+00:00,11419.277888442
2020-08-30T00:00:00+00:00,11460.035582205
2020-08-31T00:00:00+00:00,11572.250140758
2020-09-01T00:00:00+00:00,11525.504724133
2020-09-02T00:00:00+00:00,11174.344301241
2020-09-03T00:00:00+00:00,9971.053489341
2020-09-04T00:00:00+00:00,9920.2982451534
2020-09-05T00:00:00+00:00,9829.67337922
2020-09-06T00:00:00+00:00,9997.0611445292
2020-09-07T00:00:00+00:00,9878.7810861525
2020-09-08T00:00:00+00:00,9847.1431991187
2020-09-09T00:00:00+00:00,9982.5176098317
2020-09-10T00:00:00+00:00,10101.918181977
2020-09-11T00:00:00+00:00,10199.875668655
2020-09-12T00:00:00+00:00,10270.88194393
2020-09-13T00:00:00+00:00,10204.329796728
2020-09-14T00:00:00+00:00,10221.148101684
2020-09-15T00:00:00+00:00,10609.995399549
2020-09-16T00:00:00+00:00,10662.580437976
2020-09-17T00:00:00+00:00,10745.191602809
2020-09-18T00:00:00+00:00,10813.334087622
2020-09-19T00:00:00+00:00,10889.646587033
2020-09-20T00:00:00+00:00,10730.046437888
2020-09-21T00:00:00+00:00,10278.324324053
2020-09-22T00:00:00+00:00,10354.358732491
2020-09-23T00:00:00+00:00,10137.322624227
2020-09-24T00:00:00+00:00,10192.576738081
2020-09-25T00:00:00+00:00,10544.361935154
2020-09-26T00:00:00+00:00,10646.584114657
2020-09-27T00:00:00+00:00,10594.817633956
2020-09-28T00:00:00+00:00,10627.133043938
2020-09-29T00:00:00+00:00,10636.511512199
2020-09-30T00:00:00+00:00,10662.116054691
2020-10-01T00:00:00+00:00,10437.154120045
2020-10-02T00:00:00+00:00,10373.356876996
2020-10-03T00:00:00+00:00,10497.198599855
2020-10-04T00:00:00+00:00,10519.723527888
2020-10-05T00:00:00+00:00,10617.384353392
2020-10-06T00:00:00+00:00,10525.535682381
2020-10-07T00:00:00+00:00,10546.960670558
2020-10-08T00:00:00+00:00,10530.181200966
2020-10-09T00:00:00+00:00,10830.981232816
2020-10-10T00:00:00+00:00,11052.900515293
2020-10-11T00:00:00+00:00,11232.129438857
2020-10-12T00:00:00+00:00,11168.878002536
2020-10-13T00:00:00+00:00,11304.398009573
2020-10-14T00:00:00+00:00,11283.077470954
2020-10-15T00:00:00+00:00,11254.435924432
2020-10-16T00:00:00+00:00,11200.825163514
2020-10-17T00:00:00+00:00,11257.068225826
2020-10-18T00:00:00+00:00,11347.716382267
2020-10-19T00:00:00+00:00,11409.807997597
2020-10-20T00:00:00+00:00,11680.137045252
2020-10-21T00:00:00+00:00,11891.803754953
2020-10-22T00:00:00+00:00,12684.339688388
2020-10-23T00:00:00+00:00,12719.340915132
2020-10-24T00:00:00+00:00,12873.043624431
2020-10-25T00:00:00+00:00,12877.080380326
2020-10-26T00:00:00+00:00,12763.998371373
2020-10-27T00:00:00+00:00,13029.629543468
2020-10-28T00:00:00+00:00,12888.355827916
2020-10-29T00:00:00+00:00,12929.955607713
2020-10-30T00:00:00+00:00,13118.137730555
2020-10-31T00:00:00+00:00,13414.802756961
2020-11-01T00:00:00+00:00,13607.417311568
2020-11-02T00:00:00+00:00,13196.777901469
2020-11-03T00:00:00+00:00,13286.770043776
2020-11-04T00:00:00+00:00,13525.520502632
2020-11-05T00:00:00+00:00,14098.431014908
2020-11-06T00:00:00+00:00,15175.323329103
2020-11-07T00:00:00+00:00,14324.263864411
2020-11-08T00:00:00+00:00,14710.4618626
2020-11-09T00:00:00+00:00,14807.803925982
2020-11-10T00:00:00+00:00,15076.359492393
2020-11-11T00:00:00+00:00,15277.368292424
2020-11-12T00:00:00+00:00,15443.256974823
2020-11-13T00:00:00+00:00,15950.438288563
2020-11-14T00:00:00+00:00,15678.184263967
2020-11-15T00:00:00+00:00,15777.327003284
2020-11-16T00:00:00+00:00,15866.286349467
2020-11-17T00:00:00+00:00,16543.683228896
2020-11-18T00:00:00+00:00,17204.596465375
2020-11-19T00:00:00+00:00,17339.043432063
2020-11-20T00:00:00+00:00,17744.940731508
2020-11-21T00:00:00+00:00,18315.550744501
2020-11-22T00:00:00+00:00,17613.851110986
2020-11-23T00:00:00+00:00,18000.275945989
2020-11-24T00:00:00+00:00,18033.95842049
2020-11-25T00:00:00+00:00,18500.239797706
2020-11-26T00:00:00+00:00,16207.476033046
2020-11-27T00:00:00+00:00,16380.516085561
2020-11-28T00:00:00+00:00,16870.737153986
2020-11-29T00:00:00+00:00,17521.815624501
2020-11-30T00:00:00+00:00,18188.529494711
2020-12-01T00:00:00+00:00,18062.898120335
2020-12-02T00:00:00+00:00,18333.281531013
2020-12-03T00:00:00+00:00,18872.265511625
2020-12-04T00:00:00+00:00,18588.699197046
2020-12-05T00:00:00+00:00,18514.11838873
2020-12-06T00:00:00+00:00,18864.570308401
2020-12-07T00:00:00+00:00,18903.630771287
2020-12-08T00:00:00+00:00,18207.044999301
2020-12-09T00:00:00+00:00,17655.893767803
2020-12-10T00:00:00+00:00,17911.279837155
2020-12-11T00:00:00+00:00,17577.427882812
2020-12-12T00:00:00+00:00,18049.777259698
2020-12-13T00:00:00+00:00,18714.179740043
2020-12-14T00:00:00+00:00,18999.79505456
2020-12-15T00:00:00+00:00,19049.645250343
2020-12-16T00:00:00+00:00,19269.207812981
2020-12-17T00:00:00+00:00,21231.679618939
2020-12-18T00:00:00+00:00,22348.746133256
2020-12-19T00:00:00+00:00,22755.474713976
2020-12-20T00:00:00+00:00,23066.829636889
2020-12-21T00:00:00+00:00,21879.563030078
2020-12-22T00:00:00+00:00,22355.240811025
2020-12-23T00:00:00+00:00,22604.589539161
2020-12-24T00:00:00+00:00,22703.919786015
2020-12-25T00:00:00+00:00,23369.313555801
2020-12-26T00:00:00+00:00,24494.613165893
2020-12-27T00:00:00+00:00,25700.757443028
2020-12-28T00:00:00+00:00,26145.44840685
2020-12-29T00:00:00+00:00,25869.281313514
2020-12-30T00:00:00+00:00,27318.119273249
2020-12-31T00:00:00+00:00,27850.692206023
2021-01-01T00:00:00+00:00,28650.158643289
2021-01-02T00:00:00+00:00,28966.563418994
2021-01-03T00:00:00+00:00,31980.894389644
2021-01-04T00:00:00+00:00,29211.89270328
2021-01-05T00:00:00+00:00,29746.203007115
2021-01-06T00:00:00+00:00,33302.29893767
2021-01-07T00:00:00+00:00,36256.088709538
2021-01-08T00:00:00+00:00,37086.265198877
2021-01-09T00:00:00+00:00,38737.227477945
2021-01-10T00:00:00+00:00,34958.348702664
2021-01-11T00:00:00+00:00,30335.160482909
2021-01-12T00:00:00+00:00,32492.679017232
2021-01-13T00:00:00+00:00,32366.017180776
2021-01-14T00:00:00+00:00,36709.450254216
2021-01-15T00:00:00+00:00,34391.742920602
2021-01-16T00:00:00+00:00,35373.013958123
2021-01-17T00:00:00+00:00,33836.087873908
2021-01-18T00:00:00+00:00,34791.939385058
2021-01-19T00:00:00+00:00,35847.655750388
2021-01-20T00:00:00+00:00,33715.543941885
2021-01-21T00:00:00+00:00,30069.125700142
2021-01-22T00:00:00+00:00,28832.022921063
2021-01-23T00:00:00+00:00,31400.330765635
2021-01-24T00:00:00+00:00,30914.203040928
2021-01-25T00:00:00+00:00,31916.439257961
2021-01-26T00:00:00+00:00,30838.054747457
2021-01-27T00:00:00+00:00,29219.769072174
2021-01-28T00:00:00+00:00,29863.166992375
2021-01-29T00:00:00+00:00,31936.177165184
2021-01-30T00:00:00+00:00,32835.653239963
2021-01-31T00:00:00+00:00,32187.761320304
2021-02-01T00:00:00+00:00,32301.805723488
2021-02-02T00:00:00+00:00,33431.650467973
2021-02-03T00:00:00+00:00,35907.552949376
2021-02-04T00:00:00+00:00,36163.505213511
2021-02-05T00:00:00+00:00,36576.522544612
2021-02-06T00:00:00+00:00,38222.165627496
2021-02-07T00:00:00+00:00,37354.761251456
2021-02-08T00:00:00+00:00,38007.389625899
2021-02-09T00:00:00+00:00,44981.521363046
2021-02-10T00:00:00+00:00,43726.679739353
2021-02-11T00:00:00+00:00,43778.865585944
2021-02-12T00:00:00+00:00,46114.644782268
2021-02-13T00:00:00+00:00,46216.479983739
2021-02-14T00:00:00+00:00,47029.61575531
2021-02-15T00:00:00+00:00,45633.032849975
2021-02-16T00:00:00+00:00,47001.244854785
2021-02-17T00:00:00+00:00,48949.526556303
2021-02-18T00:00:00+00:00,50891.123099447
2021-02-19T00:00:00+00:00,50715.561408269
2021-02-20T00:00:00+00:00,53906.241754363
2021-02-21T00:00:00+00:00,55426.265542948
2021-02-22T00:00:00+00:00,49454.83560179
2021-02-23T00:00:00+00:00,45060.473097169
2021-02-24T00:00:00+00:00,46985.474946254
2021-02-25T00:00:00+00:00,46686.829475233
2021-02-26T00:00:00+00:00,44101.606369185
2021-02-27T00:00:00+00:00,45010.531183913
2021-02-28T00:00:00+00:00,43020.789318411
2021-03-01T00:00:00+00:00,44981.741807219
2021-03-02T00:00:00+00:00,47063.383102858
2021-03-03T00:00:00+00:00,48119.145793126
2021-03-04T00:00:00+00:00,47508.868043801
2021-03-05T00:00:00+00:00,46290.916723781
2021-03-06T00:00:00+00:00,47076.653229261
2021-03-07T00:00:00+00:00,48888.716337791
2021-03-08T00:00:00+00:00,49292.025479767
2021-03-09T00:00:00+00:00,51850.46432514
2021-03-10T00:00:00+00:00,53017.228637817
2021-03-11T00:00:00+00:00,54286.430717924
2021-03-12T00:00:00+00:00,55008.652703282
2021-03-13T00:00:00+00:00,56086.890295599
2021-03-14T00:00:00+00:00,58971.718038369
2021-03-15T00:00:00+00:00,54540.772236028
2021-03-16T00:00:00+00:00,53268.291137519
2021-03-17T00:00:00+00:00,54117.559319343
2021-03-18T00:00:00+00:00,57016.702632603
2021-03-19T00:00:00+00:00,56272.999365925
2021-03-20T00:00:00+00:00,57827.165136637
2021-03-21T00:00:00+00:00,55494.371743879
2021-03-22T00:00:00+00:00,53675.442009815
2021-03-23T00:00:00+00:00,52982.757711331
2021-03-24T00:00:00+00:00,51680.418602432
2021-03-25T00:00:00+00:00,50323.789149952
2021-03-26T00:00:00+00:00,51234.49059202
2021-03-27T00:00:00+00:00,53964.990488709
2021-03-28T00:00:00+00:00,54715.679060376
2021-03-29T00:00:00+00:00,54837.107391645
2021-03-30T00:00:00+00:00,57063.71874926
2021-03-31T00:00:00+00:00,56851.460798969
2021-04-01T00:00:00+00:00,57940.138248265
2021-04-02T00:00:00+00:00,58424.777279572
2021-04-03T00:00:00+00:00,56896.460747632
2021-04-04T00:00:00+00:00,56412.455128633
2021-04-05T00:00:00+00:00,56794.871885494
2021-04-06T00:00:00+00:00,57438.76715548
2021-04-07T00:00:00+00:00,55472.792705624
2021-04-08T00:00:00+00:00,55702.924486534
2021-04-09T00:00:00+00:00,57664.272448458
2021-04-10T00:00:00+00:00,57897.262465454
2021-04-11T00:00:00+00:00,59224.00194085
2021-04-12T00:00:00+00:00,59366.500537572
2021-04-13T00:00:00+00:00,59810.153860813
2021-04-14T00:00:00+00:00,61299.012492672
2021-04-15T00:00:00+00:00,62017.491634513
2021-04-16T00:00:00+00:00,60151.774226355
2021-04-17T00:00:00+00:00,59611.537682913
2021-04-18T00:00:00+00:00,51750.78365594
2021-04-19T00:00:00+00:00,54432.72006121
2021-04-20T00:00:00+00:00,53509.950653092
2021-04-21T00:00:00+00:00,53182.493007814
2021-04-22T00:00:00+00:00,50489.274928417
2021-04-23T00:00:00+00:00,47191.373559856
2021-04-24T00:00:00+00:00,48690.708093284
2021-04-25T00:00:00+00:00,47416.475660267
2021-04-26T00:00:00+00:00,48767.781155966
2021-04-27T00:00:00+00:00,53258.462556776
2021-04-28T00:00:00+00:00,53852.128453104
2021-04-29T00:00:00+00:00,52348.401979042
2021-04-30T00:00:00+00:00,53034.232025185
2021-05-01T00:00:00+00:00,56982.594623776
2021-05-02T00:00:00+00:00,56045.291195203
2021-05-03T00:00:00+00:00,56453.445425654
2021-05-04T00:00:00+00:00,53057.882232814
2021-05-05T00:00:00+00:00,53471.832679012
2021-05-06T00:00:00+00:00,55299.423581613
2021-05-07T00:00:00+00:00,55319.046559705
2021-05-08T00:00:00+00:00,56956.436250286
2021-05-09T00:00:00+00:00,56605.727482884
2021-05-10T00:00:00+00:00,54697.020491402
2021-05-11T00:00:00+00:00,54375.787223296
2021-05-12T00:00:00+00:00,51495.284335815
2021-05-13T00:00:00+00:00,46764.399471614
2021-05-14T00:00:00+00:00,48822.301280686
2021-05-15T00:00:00+00:00,46576.238505306
2021-05-16T00:00:00+00:00,43831.55480695
2021-05-17T00:00:00+00:00,42000.680660548
2021-05-18T00:00:00+00:00,42258.799109484
2021-05-19T00:00:00+00:00,30417.153718515
2021-05-20T00:00:00+00:00,35051.379057108
2021-05-21T00:00:00+00:00,33830.757852715
2021-05-22T00:00:00+00:00,35273.220128251
2021-05-23T00:00:00+00:00,31514.422271242
2021-05-24T00:00:00+00:00,34155.046090161
2021-05-25T00:00:00+00:00,36443.112864296
2021-05-26T00:00:00+00:00,37804.485124977
2021-05-27T00:00:00+00:00,37148.618930953
2021-05-28T00:00:00+00:00,34693.699584781
2021-05-29T00:00:00+00:00,33634.63125128
2021-05-30T00:00:00+00:00,33386.310833693
2021-05-31T00:00:00+00:00,34158.956993455
2021-06-01T00:00:00+00:00,35669.057072229
2021-06-02T00:00:00+00:00,35921.13988745
2021-06-03T00:00:00+00:00,37172.450449454
2021-06-04T00:00:00+00:00,35615.219193398
2021-06-05T00:00:00+00:00,34806.975804633
2021-06-06T00:00:00+00:00,35227.941945255
2021-06-07T00:00:00+00:00,33333.753742408
2021-06-08T00:00:00+00:00,31007.389941335
2021-06-09T00:00:00+00:00,32410.17561517
2021-06-10T00:00:00+00:00,35788.618289872
2021-06-11T00:00:00+00:00,35938.743616391
2021-06-12T00:00:00+00:00,34609.478655214
2021-06-13T00:00:00+00:00,34765.685788045
2021-06-14T00:00:00+00:00,38733.411402085
2021-06-15T00:00:00+00:00,39502.019304733
2021-06-16T00:00:00+00:00,38113.265495503
2021-06-17T00:00:00+00:00,37366.960570171
2021-06-18T00:00:00+00:00,35134.970865176
2021-06-19T00:00:00+00:00,34812.6161056
2021-06-20T00:00:00+00:00,33350.610712764
2021-06-21T00:00:00+00:00,31266.637268956
2021-06-22T00:00:00+00:00,28914.57755199
2021-06-23T00:00:00+00:00,31823.127125447
2021-06-24T00:00:00+00:00,32292.422463339
2021-06-25T00:00:00+00:00,31276.733095551
2021-06-26T00:00:00+00:00,30147.998779436
2021-06-27T00:00:00+00:00,31996.300557585
2021-06-28T00:00:00+00:00,33865.902753391
2021-06-29T00:00:00+00:00,34227.916380687
2021-06-30T00:00:00+00:00,34035.307047219
2021-07-01T00:00:00+00:00,32710.813870036
2021-07-02T00:00:00+00:00,32700.360514802
2021-07-03T00:00:00+00:00,33319.576575931
2021-07-04T00:00:00+00:00,34363.161845722
2021-07-05T00:00:00+00:00,33128.386866001
2021-07-06T00:00:00+00:00,33504.682268311
2021-07-07T00:00:00+00:00,33779.586978838
2021-07-08T00:00:00+00:00,32183.886962573
2021-07-09T00:00:00+00:00,32258.819064903
2021-07-10T00:00:00+00:00,33009.392377447
2021-07-11T00:00:00+00:00,33312.242139518
2021-07-12T00:00:00+00:00,32652.760711132
2021-07-13T00:00:00+00:00,32201.298207627
2021-07-14T00:00:00+00:00,31563.226910258
2021-07-15T00:00:00+00:00,31124.475997857
2021-07-16T00:00:00+00:00,31023.552945279
2021-07-17T00:00:00+00:00,31177.61165394
2021-07-18T00:00:00+00:00,31111.636541712
2021-07-19T00:00:00+00:00,30427.509763004
2021-07-20T00:00:00+00:00,29287.380945409
2021-07-21T00:00:00+00:00,29489.730104677
2021-07-22T00:00:00+00:00,31713.787335094
2021-07-23T00:00:00+00:00,31943.431527905
2021-07-24T00:00:00+00:00,33406.527067174
2021-07-25T00:00:00+00:00,33859.94221337
2021-07-26T00:00:00+00:00,35220.814632713
2021-07-27T00:00:00+00:00,36391.842869585
2021-07-28T00:00:00+00:00,38781.335006673
2021-07-29T00:00:00+00:00,39211.835886511
2021-07-30T00:00:00+00:00,38322.30465018
2021-07-31T00:00:00+00:00,41016.599721268
2021-08-01T00:00:00+00:00,39632.216054794
2021-08-02T00:00:00+00:00,38691.174358881
2021-08-03T00:00:00+00:00,37637.926611149
2021-08-04T00:00:00+00:00,37508.522376965
2021-08-05T00:00:00+00:00,37457.594741086
2021-08-06T00:00:00+00:00,39863.278569081
2021-08-07T00:00:00+00:00,42530.049609069
2021-08-08T00:00:00+00:00,43242.541488974
2021-08-09T00:00:00+00:00,42790.810698963
2021-08-10T00:00:00+00:00,44656.204051559
2021-08-11T00:00:00+00:00,45344.03651983
2021-08-12T00:00:00+00:00,43818.019555064
2021-08-13T00:00:00+00:00,44271.676539855
2021-08-14T00:00:00+00:00,45979.681933266
2021-08-15T00:00:00+00:00,45502.443534372
2021-08-16T00:00:00+00:00,45665.995181498
2021-08-17T00:00:00+00:00,44389.507659913
2021-08-18T00:00:00+00:00,44368.448243689
2021-08-19T00:00:00+00:00,43938.30350392
2021-08-20T00:00:00+00:00,46632.330257301
2021-08-21T00:00:00+00:00,48291.437242333
2021-08-22T00:00:00+00:00,48127.022036523
2021-08-23T00:00:00+00:00,49029.71941014
2021-08-24T00:00:00+00:00,47596.872948332
2021-08-25T00:00:00+00:00,47126.884846924
2021-08-26T00:00:00+00:00,46440.759876225
2021-08-27T00:00:00+00:00,46366.935061343
2021-08-28T00:00:00+00:00,48353.784536721
2021-08-29T00:00:00+00:00,47770.257451038
2021-08-30T00:00:00+00:00,46866.517636916
2021-08-31T00:00:00+00:00,46703.759934978
2021-09-01T00:00:00+00:00,46525.443804477
2021-09-02T00:00:00+00:00,48657.412102058
2021-09-03T00:00:00+00:00,48324.490072397
2021-09-04T00:00:00+00:00,49377.554355448
2021-09-05T00:00:00+00:00,49463.870434948
2021-09-06T00:00:00+00:00,51086.394796156
2021-09-07T00:00:00+00:00,43690.23793285
2021-09-08T00:00:00+00:00,44437.705881383
2021-09-09T00:00:00+00:00,45514.976142918
2021-09-10T00:00:00+00:00,44136.820215295
2021-09-11T00:00:00+00:00,44726.071136516
2021-09-12T00:00:00+00:00,44747.082363698
2021-09-13T00:00:00+00:00,43611.153606199
2021-09-14T00:00:00+00:00,44619.360003268
2021-09-15T00:00:00+00:00,46691.268647763
2021-09-16T00:00:00+00:00,47024.434747348
2021-09-17T00:00:00+00:00,46715.256540797
2021-09-18T00:00:00+00:00,47040.458508267
2021-09-19T00:00:00+00:00,46835.678870367
2021-09-20T00:00:00+00:00,42504.028155495
2021-09-21T00:00:00+00:00,40005.159685711
2021-09-22T00:00:00+00:00,40570.970641194
2021-09-23T00:00:00+00:00,43078.15654221
2021-09-24T00:00:00+00:00,40829.519241942
2021-09-25T00:00:00+00:00,41704.595498046
2021-09-26T00:00:00+00:00,40763.956403504
2021-09-27T00:00:00+00:00,42111.800364845
2021-09-28T00:00:00+00:00,40895.668399221
2021-09-29T00:00:00+00:00,40758.726140989
2021-09-30T00:00:00+00:00,41412.365126261
2021-10-01T00:00:00+00:00,43287.811875714
2021-10-02T00:00:00+00:00,47435.592116704
2021-10-03T00:00:00+00:00,47098.981475666
2021-10-04T00:00:00+00:00,47010.439651668
2021-10-05T00:00:00+00:00,49036.828657976
2021-10-06T00:00:00+00:00,50395.988579341
2021-10-07T00:00:00+00:00,53506.454951404
2021-10-08T00:00:00+00:00,53623.867224145
2021-10-09T00:00:00+00:00,53664.429073515
2021-10-10T00:00:00+00:00,54084.931222744
2021-10-11T00:00:00+00:00,54483.736301412
2021-10-12T00:00:00+00:00,54098.240277391
2021-10-13T00:00:00+00:00,54189.811719201
2021-10-14T00:00:00+00:00,56823.962670223
2021-10-15T00:00:00+00:00,56858.665466178
2021-10-16T00:00:00+00:00,60150.279358507
2021-10-17T00:00:00+00:00,59245.899198561
2021-10-18T00:00:00+00:00,59863.105531874
2021-10-19T00:00:00+00:00,61472.063235635
2021-10-20T00:00:00+00:00,63501.098057646
2021-10-21T00:00:00+00:00,61762.213813091
2021-10-22T00:00:00+00:00,60074.983068222
2021-10-23T00:00:00+00:00,59929.802363388
2021-10-24T00:00:00+00:00,59514.850423612
2021-10-25T00:00:00+00:00,60649.077069515
2021-10-26T00:00:00+00:00,59829.691267497
2021-10-27T00:00:00+00:00,58095.618077958
2021-10-28T00:00:00+00:00,57995.613146675
2021-10-29T00:00:00+00:00,60180.969094443
2021-10-30T00:00:00+00:00,60801.948639245
2021-10-31T00:00:00+00:00,60104.058487083
2021-11-01T00:00:00+00:00,59558.024783814
2021-11-02T00:00:00+00:00,60639.769523023
2021-11-03T00:00:00+00:00,61133.058145082
2021-11-04T00:00:00+00:00,60691.318493051
2021-11-05T00:00:00+00:00,60728.495262403
2021-11-06T00:00:00+00:00,60070.643023839
2021-11-07T00:00:00+00:00,61345.107651916
2021-11-08T00:00:00+00:00,63283.306778594
2021-11-09T00:00:00+00:00,66326.961288382
2021-11-10T00:00:00+00:00,63319.692095682
2021-11-11T00:00:00+00:00,64109.018202901
2021-11-12T00:00:00+00:00,62295.972853863
2021-11-13T00:00:00+00:00,63371.954290249
2021-11-14T00:00:00+00:00,63580.004358252
2021-11-15T00:00:00+00:00,63410.380708971
2021-11-16T00:00:00+00:00,58802.163443661
2021-11-17T00:00:00+00:00,58491.917367372
2021-11-18T00:00:00+00:00,56495.884727227
2021-11-19T00:00:00+00:00,55547.928466741
2021-11-20T00:00:00+00:00,57375.298766481
2021-11-21T00:00:00+00:00,58498.2595542
2021-11-22T00:00:00+00:00,55644.814847117
2021-11-23T00:00:00+00:00,55484.650912588
2021-11-24T00:00:00+00:00,55896.918793116
2021-11-25T00:00:00+00:00,57010.077807448
2021-11-26T00:00:00+00:00,53517.955278901
2021-11-27T00:00:00+00:00,53621.129886533
2021-11-28T00:00:00+00:00,53476.344601451
2021-11-29T00:00:00+00:00,56693.549930962
2021-11-30T00:00:00+00:00,55890.854653619
2021-12-01T00:00:00+00:00,56468.563179416
2021-12-02T00:00:00+00:00,55832.087771757
2021-12-03T00:00:00+00:00,52697.685966041
2021-12-04T00:00:00+00:00,44149.609583004
2021-12-05T00:00:00+00:00,47763.062375823
2021-12-06T00:00:00+00:00,47196.840749067
2021-12-07T00:00:00+00:00,50046.344947728
2021-12-08T00:00:00+00:00,48614.298446508
2021-12-09T00:00:00+00:00,47327.374098269
2021-12-10T00:00:00+00:00,47030.142547206
2021-12-11T00:00:00+00:00,46864.009976132
2021-12-12T00:00:00+00:00,48640.777477901
2021-12-13T00:00:00+00:00,45789.907574229
2021-12-14T00:00:00+00:00,46299.544962433
2021-12-15T00:00:00+00:00,46599.985732152
2021-12-16T00:00:00+00:00,47517.750179502
2021-12-17T00:00:00+00:00,45470.217923606
2021-12-18T00:00:00+00:00,45510.678748038
2021-12-19T00:00:00+00:00,46417.661036709
2021-12-20T00:00:00+00:00,45566.279451425
2021-12-21T00:00:00+00:00,46640.411526617
2021-12-22T00:00:00+00:00,48433.883505218
2021-12-23T00:00:00+00:00,47971.962473369
2021-12-24T00:00:00+00:00,50403.989458842
2021-12-25T00:00:00+00:00,50236.067223001
2021-12-26T00:00:00+00:00,49452.900616546
2021-12-27T00:00:00+00:00,50460.643854817
2021-12-28T00:00:00+00:00,47311.194473447
2021-12-29T00:00:00+00:00,46138.000185116
2021-12-30T00:00:00+00:00,45944.479956408
2021-12-31T00:00:00+00:00,45668.757976313
2022-01-01T00:00:00+00:00,46205.87923089
2022-01-02T00:00:00+00:00,46661.212654094
2022-01-03T00:00:00+00:00,45697.39620296
2022-01-04T00:00:00+00:00,45545.483924539
2022-01-05T00:00:00+00:00,42831.785282472
2022-01-06T00:00:00+00:00,42494.839562608
2022-01-07T00:00:00+00:00,40887.285196259
2022-01-08T00:00:00+00:00,40573.54238473
2022-01-09T00:00:00+00:00,41208.36635397
2022-01-10T00:00:00+00:00,39713.276618729
2022-01-11T00:00:00+00:00,41272.440350544
2022-01-12T00:00:00+00:00,42455.553719706
2022-01-13T00:00:00+00:00,42318.242134654
2022-01-14T00:00:00+00:00,41736.637208003
2022-01-15T00:00:00+00:00,42580.460122299
2022-01-16T00:00:00+00:00,42647.064733549
2022-01-17T00:00:00+00:00,41543.302554771
2022-01-18T00:00:00+00:00,41257.914649389
2022-01-19T00:00:00+00:00,41138.463726171
2022-01-20T00:00:00+00:00,40565.89971071
2022-01-21T00:00:00+00:00,35732.261462533
2022-01-22T00:00:00+00:00,34058.134289204
2022-01-23T00:00:00+00:00,34615.249972879
2022-01-24T00:00:00+00:00,33004.247813551
2022-01-25T00:00:00+00:00,35711.647640275
2022-01-26T00:00:00+00:00,36249.267566742
2022-01-27T00:00:00+00:00,35512.864235391
2022-01-28T00:00:00+00:00,36159.925186081
2022-01-29T00:00:00+00:00,37286.014936345
2022-01-30T00:00:00+00:00,37365.153566233
2022-01-31T00:00:00+00:00,36666.842453347
2022-02-01T00:00:00+00:00,38007.955818142
2022-02-02T00:00:00+00:00,36649.734655265
2022-02-03T00:00:00+00:00,36256.898052643
2022-02-04T00:00:00+00:00,37038.799752386
2022-02-05T00:00:00+00:00,40971.661543001
2022-02-06T00:00:00+00:00,41135.285330568
2022-02-07T00:00:00+00:00,41677.471757906
2022-02-08T00:00:00+00:00,42686.20236264
2022-02-09T00:00:00+00:00,43133.000215584
2022-02-10T00:00:00+00:00,43213.216527768
2022-02-11T00:00:00+00:00,41962.822610454
2022-02-12T00:00:00+00:00,41706.768247635
2022-02-13T00:00:00+00:00,41877.661256724
2022-02-14T00:00:00+00:00,41577.459593412
2022-02-15T00:00:00+00:00,42432.603806634
2022-02-16T00:00:00+00:00,43325.407031485
2022-02-17T00:00:00+00:00,40135.964207287
2022-02-18T00:00:00+00:00,39622.863856815
2022-02-19T00:00:00+00:00,39645.637100695
2022-02-20T00:00:00+00:00,38002.99792832
2022-02-21T00:00:00+00:00,36854.814241801
2022-02-22T00:00:00+00:00,36398.716108898
2022-02-23T00:00:00+00:00,37086.339292328
2022-02-24T00:00:00+00:00,34375.494673113
2022-02-25T00:00:00+00:00,38019.608005133
2022-02-26T00:00:00+00:00,38583.469573183
2022-02-27T00:00:00+00:00,37034.613146653
2022-02-28T00:00:00+00:00,37457.586835446
2022-03-01T00:00:00+00:00,42860.257474321
2022-03-02T00:00:00+00:00,43370.033210648
2022-03-03T00:00:00+00:00,41827.827327017
2022-03-04T00:00:00+00:00,38657.441136767
2022-03-05T00:00:00+00:00,38462.544521656
2022-03-06T00:00:00+00:00,38091.715454552
2022-03-07T00:00:00+00:00,37185.193048302
2022-03-08T00:00:00+00:00,37865.999022232
2022-03-09T00:00:00+00:00,38659.72605524
2022-03-10T00:00:00+00:00,38672.210504462
2022-03-11T00:00:00+00:00,38227.402525292
2022-03-12T00:00:00+00:00,38661.262247214
2022-03-13T00:00:00+00:00,37614.452374898
2022-03-14T00:00:00+00:00,37543.687390448
2022-03-15T00:00:00+00:00,38234.822191535
2022-03-16T00:00:00+00:00,38907.686517974
2022-03-17T00:00:00+00:00,40509.108360721
2022-03-18T00:00:00+00:00,40137.416751659
2022-03-19T00:00:00+00:00,41504.863235128
2022-03-20T00:00:00+00:00,40914.453237676
2022-03-21T00:00:00+00:00,40512.687550898
2022-03-22T00:00:00+00:00,40879.371692983
2022-03-23T00:00:00+00:00,41756.779302517
2022-03-24T00:00:00+00:00,42639.836724179
2022-03-25T00:00:00+00:00,43670.135036348
2022-03-26T00:00:00+00:00,44079.622323894
2022-03-27T00:00:00+00:00,44434.102559726
2022-03-28T00:00:00+00:00,46664.463342928
2022-03-29T00:00:00+00:00,47072.736727374
2022-03-30T00:00:00+00:00,46664.967153281
2022-03-31T00:00:00+00:00,45304.917525066
2022-04-01T00:00:00+00:00,44269.103929603
2022-04-02T00:00:00+00:00,45731.829896742
2022-04-03T00:00:00+00:00,45546.265927921
2022-04-04T00:00:00+00:00,45172.865076075
2022-04-05T00:00:00+00:00,45436.439244104
2022-04-06T00:00:00+00:00,43126.482805536
2022-04-07T00:00:00+00:00,42778.779950822
2022-04-08T00:00:00+00:00,42117.919343844
2022-04-09T00:00:00+00:00,42125.472846547
2022-04-10T00:00:00+00:00,41904.375854343
2022-04-11T00:00:00+00:00,39233.96668866
2022-04-12T00:00:00+00:00,39291.176942719
2022-04-13T00:00:00+00:00,39611.713224486
2022-04-14T00:00:00+00:00,39632.508473651
2022-04-15T00:00:00+00:00,39768.813541434
2022-04-16T00:00:00+00:00,39996.599320308
2022-04-17T00:00:00+00:00,39549.508379522
2022-04-18T00:00:00+00:00,38619.879871687
2022-04-19T00:00:00+00:00,40573.59137449
2022-04-20T00:00:00+00:00,40898.644311126
2022-04-21T00:00:00+00:00,39921.079023199
2022-04-22T00:00:00+00:00,39186.557176657
2022-04-23T00:00:00+00:00,39316.174992958
2022-04-24T00:00:00+00:00,39125.037469946
2022-04-25T00:00:00+00:00,38211.139795948
2022-04-26T00:00:00+00:00,37740.72320015
2022-04-27T00:00:00+00:00,37990.135050408
2022-04-28T00:00:00+00:00,38886.490291405
2022-04-29T00:00:00+00:00,38205.841176465
2022-04-30T00:00:00+00:00,37619.69997254
2022-05-01T00:00:00+00:00,37398.627015018
2022-05-02T00:00:00+00:00,38052.257422518
2022-05-03T00:00:00+00:00,37525.890132643
2022-05-04T00:00:00+00:00,37695.892750526
2022-05-05T00:00:00+00:00,35724.012020362
2022-05-06T00:00:00+00:00,35291.762242343
2022-05-07T00:00:00+00:00,34814.514689779
2022-05-08T00:00:00+00:00,33756.44758984
2022-05-09T00:00:00+00:00,30130.376754491
2022-05-10T00:00:00+00:00,29791.880349491
2022-05-11T00:00:00+00:00,27945.395312382
2022-05-12T00:00:00+00:00,26376.93817413
2022-05-13T00:00:00+00:00,28766.220262738
2022-05-14T00:00:00+00:00,28615.617974392
2022-05-15T00:00:00+00:00,29467.288816765
2022-05-16T00:00:00+00:00,29153.801359241
2022-05-17T00:00:00+00:00,29506.23150248
2022-05-18T00:00:00+00:00,28655.126328377
2022-05-19T00:00:00+00:00,28675.580365362
2022-05-20T00:00:00+00:00,28714.53681869
2022-05-21T00:00:00+00:00,28989.635788606
2022-05-22T00:00:00+00:00,29255.35547528
2022-05-23T00:00:00+00:00,28902.064157929
2022-05-24T00:00:00+00:00,28675.169539506
2022-05-25T00:00:00+00:00,29296.848343526
2022-05-26T00:00:00+00:00,28090.363444473
2022-05-27T00:00:00+00:00,28250.387532531
2022-05-28T00:00:00+00:00,28444.800047726
2022-05-29T00:00:00+00:00,28813.342190266
2022-05-30T00:00:00+00:00,29272.570591437
2022-05-31T00:00:00+00:00,31191.008878463
2022-06-01T00:00:00+00:00,29435.175215524
2022-06-02T00:00:00+00:00,29587.639794021
2022-06-03T00:00:00+00:00,29311.417635192
2022-06-04T00:00:00+00:00,29462.153223882
2022-06-05T00:00:00+00:00,29531.955629625
2022-06-06T00:00:00+00:00,29869.419083887
2022-06-07T00:00:00+00:00,29194.952845477
2022-06-08T00:00:00+00:00,29856.614203054
2022-06-09T00:00:00+00:00,29947.389841813
2022-06-10T00:00:00+00:00,28845.229032959
2022-06-11T00:00:00+00:00,28145.564373223
2022-06-12T00:00:00+00:00,26643.761449659
2022-06-13T00:00:00+00:00,21938.164022699
2022-06-14T00:00:00+00:00,20827.817599909
2022-06-15T00:00:00+00:00,20100.335147138
2022-06-16T00:00:00+00:00,20205.911558731
2022-06-17T00:00:00+00:00,20233.843480073
2022-06-18T00:00:00+00:00,17610.463955933
2022-06-19T00:00:00+00:00,17951.694582568
2022-06-20T00:00:00+00:00,19623.380072289
2022-06-21T00:00:00+00:00,20322.911038795
2022-06-22T00:00:00+00:00,19760.111147572
2022-06-23T00:00:00+00:00,19894.387093074
2022-06-24T00:00:00+00:00,20735.921549367
2022-06-25T00:00:00+00:00,20919.572179689
2022-06-26T00:00:00+00:00,20978.641076829
2022-06-27T00:00:00+00:00,20520.483669859
2022-06-28T00:00:00+00:00,20180.097271466
2022-06-29T00:00:00+00:00,19849.883193175
2022-06-30T00:00:00+00:00,18650.885531986
2022-07-01T00:00:00+00:00,18963.49010697
2022-07-02T00:00:00+00:00,19016.757174061
2022-07-03T00:00:00+00:00,18818.18112804
2022-07-04T00:00:00+00:00,19032.737499467
2022-07-05T00:00:00+00:00,19304.126578373
2022-07-06T00:00:00+00:00,19770.231271753
2022-07-07T00:00:00+00:00,20260.403918553
2022-07-08T00:00:00+00:00,21209.24774324
2022-07-09T00:00:00+00:00,21368.618079219
2022-07-10T00:00:00+00:00,20666.716572866
2022-07-11T00:00:00+00:00,19878.178837113
2022-07-12T00:00:00+00:00,19230.980697783
2022-07-13T00:00:00+00:00,18925.090725999
2022-07-14T00:00:00+00:00,19632.802602137
2022-07-15T00:00:00+00:00,20367.1078496
2022-07-16T00:00:00+00:00,20478.557233205
2022-07-17T00:00:00+00:00,20755.666415935
2022-07-18T00:00:00+00:00,20758.804809698
2022-07-19T00:00:00+00:00,21582.780947628
2022-07-20T00:00:00+00:00,22914.906803923
2022-07-21T00:00:00+00:00,22369.081549855
2022-07-22T00:00:00+00:00,22508.314663468
2022-07-23T00:00:00+00:00,21962.098853792
2022-07-24T00:00:00+00:00,22277.363852365
2022-07-25T00:00:00+00:00,21277.759036804
2022-07-26T00:00:00+00:00,20728.5398199
2022-07-27T00:00:00+00:00,21042.724238236
2022-07-28T00:00:00+00:00,22609.008427182
2022-07-29T00:00:00+00:00,23451.812856196
2022-07-30T00:00:00+00:00,23558.513403873
2022-07-31T00:00:00+00:00,23236.788902721
2022-08-01T00:00:00+00:00,22867.42138222
2022-08-02T00:00:00+00:00,22686.171453398
2022-08-03T00:00:00+00:00,22696.663505609
2022-08-04T00:00:00+00:00,22423.840748761
2022-08-05T00:00:00+00:00,22598.24555277
2022-08-06T00:00:00+00:00,22918.403861101
2022-08-07T00:00:00+00:00,22857.582530614
2022-08-08T00:00:00+00:00,23163.724975828
2022-08-09T00:00:00+00:00,22934.653631805
2022-08-10T00:00:00+00:00,22716.7384974
2022-08-11T00:00:00+00:00,23877.464591975
2022-08-12T00:00:00+00:00,23634.197766626
2022-08-13T00:00:00+00:00,24306.285360247
2022-08-14T00:00:00+00:00,24186.988208136
2022-08-15T00:00:00+00:00,23790.643768256
2022-08-16T00:00:00+00:00,23679.128619828
2022-08-17T00:00:00+00:00,23185.131478943
2022-08-18T00:00:00+00:00,23112.971499837
2022-08-19T00:00:00+00:00,20785.575634074
2022-08-20T00:00:00+00:00,20763.719593304
2022-08-21T00:00:00+00:00,21070.669207507
2022-08-22T00:00:00+00:00,20888.670391152
2022-08-23T00:00:00+00:00,20890.568874304
2022-08-24T00:00:00+00:00,21143.925790176
2022-08-25T00:00:00+00:00,21310.084662823
2022-08-26T00:00:00+00:00,20105.971590953
2022-08-27T00:00:00+00:00,19798.240424238
2022-08-28T00:00:00+00:00,19516.411339571
2022-08-29T00:00:00+00:00,19548.559482948
2022-08-30T00:00:00+00:00,19542.323792023
2022-08-31T00:00:00+00:00,19800.178715801
2022-09-01T00:00:00+00:00,19567.332110068
2022-09-02T00:00:00+00:00,19755.389967181
2022-09-03T00:00:00+00:00,19653.02120641
